code_station,libelle_station,uri_station,durete,coordonnee_x,coordonnee_y,code_projection,libelle_projection,longitude,latitude,code_commune,libelle_commune,code_departement,libelle_departement,code_region,libelle_region,code_cours_eau,nom_cours_eau,uri_cours_eau,code_masse_deau,code_eu_masse_deau,nom_masse_deau,uri_masse_deau,code_eu_sous_bassin,nom_sous_bassin,code_bassin,code_eu_bassin,nom_bassin,uri_bassin,type_entite_hydro,commentaire,date_creation,date_arret,date_maj_information,finalite,localisation_precise,nature,altitude_point_caracteristique,point_kilometrique,premier_mois_annee_etiage,superficie_bassin_versant_reel,superficie_bassin_versant_topo,uri_sous_bassin,geometry
03001000,LA SEINE A NOD-SUR-SEINE 1,https://id.eaufrance.fr/StationMesureEauxSurface/03001000,,817677.0,6741593.0,26,RGF93 / Lambert 93,4.570985849,47.764194461,21455,Nod-sur-Seine,21,Côte-d'Or,27,Bourgogne-Franche-Comté,----0010,La Seine,https://id.eaufrance.fr/CoursEau_Carthage2017/----0010,HR2A,FRHR2A,la Seine du confluent du Brevon  exclu  au confluent de la riviere de Courcelles  excl,http://id.eaufrance.fr/MasseDEauRiviere_VEDL2019/HR2A,FRH_SEAM,Seine amont,H,FRH,La Seine et les cours d'eau côtiers normands,http://id.eaufrance.fr/BassinDCE/FRH,2,,1971-01-01,,2012-07-11,RCS,Non renseignée,M,247.0,,,,,https://id.eaufrance.fr/SsBassinDCEAdmin/FRH_SEAM,"{'type': 'Point', 'crs': {'type': 'name', 'properties': {'name': 'urn:ogc:def:crs:OGC:1.3:CRS84'}}, 'coordinates': [4.570985848761142, 47.7641944606273]}"
03011300,LA SEINE A CONFLANS-SUR-SEINE 1,https://id.eaufrance.fr/StationMesureEauxSurface/03011300,,750249.0,6827851.0,26,RGF93 / Lambert 93,3.680825221,48.548937959,51162,Conflans-sur-Seine,51,Marne,44,Grand Est,----0010,La Seine,https://id.eaufrance.fr/CoursEau_Carthage2017/----0010,HR33,FRHR33,la Seine du confluent de l Aube  exclu  au confluent du ruisseau de Faverolles  inclus,http://id.eaufrance.fr/MasseDEauRiviere_VEDL2019/HR33,FRH_IF,Ile de France,H,FRH,La Seine et les cours d'eau côtiers normands,http://id.eaufrance.fr/BassinDCE/FRH,2,,2000-11-29,,2016-02-04,RCS,Non renseignée,M,67.0,,,,,https://id.eaufrance.fr/SsBassinDCEAdmin/FRH_IF,"{'type': 'Point', 'crs': {'type': 'name', 'properties': {'name': 'urn:ogc:def:crs:OGC:1.3:CRS84'}}, 'coordinates': [3.6808252205179675, 48.548937958899515]}"
03082000,LA SEINE A SURESNES 2,https://id.eaufrance.fr/StationMesureEauxSurface/03082000,,643477.0,6863240.0,26,RGF93 / Lambert 93,2.229494609,48.866707755,92073,Suresnes,92,Hauts-de-Seine,11,Île-de-France,----0010,La Seine,https://id.eaufrance.fr/CoursEau_Carthage2017/----0010,HR155A,FRHR155A,la Seine du confluent de la Marne  exclu  au confluent du Ru d Enghien  inclus,http://id.eaufrance.fr/MasseDEauRiviere_VEDL2019/HR155A,FRH_IF,Ile de France,H,FRH,La Seine et les cours d'eau côtiers normands,http://id.eaufrance.fr/BassinDCE/FRH,2,,2010-03-08,,2010-03-08,RCS,Non renseignée,M,34.0,,,,,https://id.eaufrance.fr/SsBassinDCEAdmin/FRH_IF,"{'type': 'Point', 'crs': {'type': 'name', 'properties': {'name': 'urn:ogc:def:crs:OGC:1.3:CRS84'}}, 'coordinates': [2.229494609256609, 48.86670775533286]}"
03174000,LA SEINE A POSES 2,https://id.eaufrance.fr/StationMesureEauxSurface/03174000,,571754.0,6913715.0,26,RGF93 / Lambert 93,1.23665644,49.310144107,27474,Poses,27,Eure,28,Normandie,----0010,La Seine,https://id.eaufrance.fr/CoursEau_Carthage2017/----0010,HR230C,FRHR230C,La Seine du confluent de l Epte  inclus  au confluent de l Andelle  exclu,http://id.eaufrance.fr/MasseDEauRiviere_VEDL2019/HR230C,FRH_SEAV,Seine aval,H,FRH,La Seine et les cours d'eau côtiers normands,http://id.eaufrance.fr/BassinDCE/FRH,2,,2010-03-08,,2010-03-08,RCS,Non renseignée,M,10.0,,,,,https://id.eaufrance.fr/SsBassinDCEAdmin/FRH_SEAV,"{'type': 'Point', 'crs': {'type': 'name', 'properties': {'name': 'urn:ogc:def:crs:OGC:1.3:CRS84'}}, 'coordinates': [1.2366564397284112, 49.31014410697704]}"
