code_station,libelle_station,uri_station,statut_station,date_modification_station,coordonnee_x_station,coordonnee_y_station,code_epsg_projection_station,code_projection_station,libelle_projection_station,localisation_precise_station,pk_aval,code_point_prelevement_aspe,code_point_prelevement,statut_point_prelevement,date_modification_point_prelevement_aspe,code_support,libelle_support,uri_support,codes_dispositifs_collecte,libelles_dispositifs_collecte,mnemoniques_dispositifs_collecte,uris_dispositifs_collecte,objectifs_operation,coordonnee_x_point_prelevement,coordonnee_y_point_prelevement,code_epsg_projection_point_prelevement,code_projection_point_prelevement,libelle_projection_point_prelevement,code_entite_hydrographique,libelle_entite_hydrographique,uri_entite_hydrographique,code_unite_hydrographique,libelle_unite_hydrographique,code_masse_eau,uri_masse_eau,code_commune,libelle_commune,code_departement,libelle_departement,code_region,libelle_region,lieu_dit_point_prelevement,localisation_precise_point_prelevement,distance_mer,distance_maree,code_bassin,libelle_bassin,formation_geologique,code_occupation_sol,libelle_occupation_sol,zone_huet,code_regime_hydrologique,libelle_regime_hydrologique,accessibilite,largeur_lit_mineur,distance_source,altitude,pente,surface_bassin_versant_amont,temperature_janvier,temperature_juillet,eligibilite_ipr_iprplus,libelle_point_prelevement_wama,code_point_prelevement_wama,geometry,longitude,latitude
03184370,LA SEINE A DUCLAIR 1,http://id.eaufrance.fr/StationMesureEauxSurface/03184370,True,2013-08-01T00:00:00Z,546100.0,6933272.0,2154.0,26,RGF93 / Lambert 93,Non renseignée,,23853,005,True,1900-01-01T00:00:00Z,4,Poissons,http://id.eaufrance.fr/sup/4,"['0300000036', '0300000209', '0300000220']","['Réseau de suivi qualitatif des eaux superficielles dans le bassin Seine Normandie (RNB)', 'Réseau de gestion des eaux superficielles de la DSAV', 'Réseau de gestion hydrobiologique de la DREAL Haute Normandie']","['RNB-RCA', 'RGESUDSAV', 'RRGBIOHNOR']","['http://id.eaufrance.fr/dc/0300000036', 'http://id.eaufrance.fr/dc/0300000209', 'http://id.eaufrance.fr/dc/0300000220']","['Étude', 'RHP – Réseau Hydrobiologique Piscicole']",546004.01,6933214.22,2154,26,RGF93 / Lambert 93,----0010,La Seine,http://id.eaufrance.fr/CoursEau_Carthage2017/----0010,H2,BASSIN SEINE,,,76222,DUCLAIR,76,Seine-Maritime,28,NORMANDIE,,Non renseigné,,0.0,03,SEINE-NORMANDIE,Calcaire,,,,reg_pm,Océanique irrégulier ou influence méditerranéenne,,250.0,663.0,5.0,0.1,70615.0,4.7,18.6,True,,,"{'type': 'Point', 'crs': {'type': 'name', 'properties': {'name': 'urn:ogc:def:crs:OGC:1.3:CRS84'}}, 'coordinates': [0.875546309172529, 49.4796615385682]}",0.875546309172529,49.4796615385682
03182669,LA SEINE A SAINT-AUBIN-LES-ELBEUF 1,http://id.eaufrance.fr/StationMesureEauxSurface/03182669,True,2009-01-12T00:00:00Z,554111.0,6913048.0,2154.0,26,RGF93 / Lambert 93,Non renseignée,,23792,005,True,1900-01-01T00:00:00Z,4,Poissons,http://id.eaufrance.fr/sup/4,['0300000220'],['Réseau de gestion hydrobiologique de la DREAL Haute Normandie'],['RRGBIOHNOR'],['http://id.eaufrance.fr/dc/0300000220'],['Étude'],554110.84,6913047.13,2154,26,RGF93 / Lambert 93,----0010,La Seine,http://id.eaufrance.fr/CoursEau_Carthage2017/----0010,H2,BASSIN SEINE,,,76231,ELBEUF,76,Seine-Maritime,28,NORMANDIE,,Non renseigné,,0.0,03,SEINE-NORMANDIE,Calcaire,,,,reg_pm,Océanique irrégulier ou influence méditerranéenne,,5.0,,5.0,,106.81,4.5,18.9,True,,,"{'type': 'Point', 'crs': {'type': 'name', 'properties': {'name': 'urn:ogc:def:crs:OGC:1.3:CRS84'}}, 'coordinates': [0.994399567376412, 49.3003574472352]}",0.994399567376412,49.3003574472352
03174021,LA SEINE A POSES 1,http://id.eaufrance.fr/StationMesureEauxSurface/03174021,True,2006-03-30T00:00:00Z,571733.0,6913730.0,2154.0,26,RGF93 / Lambert 93,Non renseignée,,91295,,True,2012-02-06T00:00:00Z,,,,"['0300000220', '0300000237']","['Réseau de gestion hydrobiologique de la DREAL Haute Normandie', ""Réseau départemental de suivi des peuplements piscicoles de l'Eure""]","['RRGBIOHNOR', 'RDESUQBIO27']","['http://id.eaufrance.fr/dc/0300000220', 'http://id.eaufrance.fr/dc/0300000237']","['Étude', 'RHP – Réseau Hydrobiologique Piscicole']",570812.77621973,6913802.10026316,2154,26,RGF93 / Lambert 93,----0010,La Seine,http://id.eaufrance.fr/CoursEau_Carthage2017/----0010,H2,BASSIN SEINE,,,27458,PITRES,27,Eure,28,NORMANDIE,AVAL BARRAGE,100M AVAL DEVERSOIR ETANG EN RG; AVAL BARRAGE,,0.0,03,SEINE-NORMANDIE,Calcaire,,,,reg_pm,Océanique irrégulier ou influence méditerranéenne,,100.0,611.0,5.0,0.1,69590.0,4.3,19.0,True,,,"{'type': 'Point', 'crs': {'type': 'name', 'properties': {'name': 'urn:ogc:def:crs:OGC:1.3:CRS84'}}, 'coordinates': [1.22369231196441, 49.3107372532084]}",1.22369231196441,49.3107372532084
03174021,LA SEINE A POSES 1,http://id.eaufrance.fr/StationMesureEauxSurface/03174021,True,2006-03-30T00:00:00Z,571733.0,6913730.0,2154.0,26,RGF93 / Lambert 93,Non renseignée,,101687,,True,2012-02-06T00:00:00Z,,,,"['0300000220', '0300000237']","['Réseau de gestion hydrobiologique de la DREAL Haute Normandie', ""Réseau départemental de suivi des peuplements piscicoles de l'Eure""]","['RRGBIOHNOR', 'RDESUQBIO27']","['http://id.eaufrance.fr/dc/0300000220', 'http://id.eaufrance.fr/dc/0300000237']",['RHP – Réseau Hydrobiologique Piscicole'],570812.77621973,6913802.10026316,2154,26,RGF93 / Lambert 93,----0010,La Seine,http://id.eaufrance.fr/CoursEau_Carthage2017/----0010,H2,BASSIN SEINE,,,27458,PITRES,27,Eure,28,NORMANDIE,AVAL BARRAGE,100M AVAL DEVERSOIR ETANG EN RG; AVAL BARRAGE,,0.0,03,SEINE-NORMANDIE,Calcaire,,,,reg_pm,Océanique irrégulier ou influence méditerranéenne,,100.0,611.0,5.0,0.1,69590.0,4.3,19.0,True,,,"{'type': 'Point', 'crs': {'type': 'name', 'properties': {'name': 'urn:ogc:def:crs:OGC:1.3:CRS84'}}, 'coordinates': [1.22369231196441, 49.3107372532084]}",1.22369231196441,49.3107372532084
03174000,LA SEINE A POSES 2,http://id.eaufrance.fr/StationMesureEauxSurface/03174000,True,2010-03-08T00:00:00Z,571754.0,6913715.0,2154.0,26,RGF93 / Lambert 93,Non renseignée,,23245,005,True,1900-01-01T00:00:00Z,4,Poissons,http://id.eaufrance.fr/sup/4,"['0300000036', '0300000131', '0300000133', '0300000177', '0300000183', '0300000209', '0300000220', '0300000237', '0300000283']","['Réseau de suivi qualitatif des eaux superficielles dans le bassin Seine Normandie (RNB)', ""Contrôle de surveillance des cours d'eau du bassin Seine et cours d'eau côtiers normands"", ""Contrôles opérationnels des cours d'eau du bassin Seine et cours d'eau côtiers normands"", 'Réseau local de contrôle opérationnel des eaux superficielles de la direction Seine Aval', 'Réseau local de contrôle de surveillance des eaux superficielles de la direction Seine Aval', 'Réseau de gestion des eaux superficielles de la DSAV', 'Réseau de gestion hydrobiologique de la DREAL Haute Normandie', ""Réseau départemental de suivi des peuplements piscicoles de l'Eure"", 'Réseau de suivi de bouclage du bassin Seine Normandie']","['RNB-RCA', 'FRHSUSR', 'FRHSUOR', 'RLCOESUSEINEAV', 'RLCSESUSEINEAV', 'RGESUDSAV', 'RRGBIOHNOR', 'RDESUQBIO27', 'RBOUSN']","['http://id.eaufrance.fr/dc/0300000036', 'http://id.eaufrance.fr/dc/0300000131', 'http://id.eaufrance.fr/dc/0300000133', 'http://id.eaufrance.fr/dc/0300000177', 'http://id.eaufrance.fr/dc/0300000183', 'http://id.eaufrance.fr/dc/0300000209', 'http://id.eaufrance.fr/dc/0300000220', 'http://id.eaufrance.fr/dc/0300000237', 'http://id.eaufrance.fr/dc/0300000283']","['RCS – Réseau de Contrôle de Surveillance', 'RHP – Réseau Hydrobiologique Piscicole']",572389.1,6913229.9,2154,26,RGF93 / Lambert 93,----0010,La Seine,http://id.eaufrance.fr/CoursEau_Carthage2017/----0010,H2,BASSIN SEINE,HR230C,https://id.eaufrance.fr/MasseDEauRiviere_VEDL2019/HR230C,27474,POSES,27,Eure,28,NORMANDIE,,Non renseigné,,,03,SEINE-NORMANDIE,Calcaire,,,,reg_pm,Océanique irrégulier ou influence méditerranéenne,Accessibilité facile,233.0,610.5,9.0,0.01,64685.0,4.3,19.0,True,,,"{'type': 'Point', 'crs': {'type': 'name', 'properties': {'name': 'urn:ogc:def:crs:OGC:1.3:CRS84'}}, 'coordinates': [1.24553416648944, 49.3059116582433]}",1.24553416648944,49.3059116582433
03127370,LA SEINE A MERICOURT 4,http://id.eaufrance.fr/StationMesureEauxSurface/03127370,True,2017-10-18T00:00:00Z,598428.08,6881051.86,2154.0,26,RGF93 / Lambert 93,Non renseignée,,20345,005,True,1900-01-01T00:00:00Z,4,Poissons,http://id.eaufrance.fr/sup/4,"['0000000076', '0300000036', '0300000131', '0300000133', '0300000178', '0300000184', '0300000207', '0300000215']","['Réseau de surveillance des nitrates dans les eaux superficielles françaises', 'Réseau de suivi qualitatif des eaux superficielles dans le bassin Seine Normandie (RNB)', ""Contrôle de surveillance des cours d'eau du bassin Seine et cours d'eau côtiers normands"", ""Contrôles opérationnels des cours d'eau du bassin Seine et cours d'eau côtiers normands"", 'Réseau local de contrôle opérationnel des eaux superficielles de la direction Ile de France', ""Réseau local de contrôle de surveillance des eaux superficielles de la direction d'Ile de France"", 'Réseau de gestion des eaux superficielles de la DRIF', 'Réseau de gestion hydrobiologique de la DIREN Ile de France']","['RNESUQNO3', 'RNB-RCA', 'FRHSUSR', 'FRHSUOR', 'RLCOESUILEDF', 'RLCSESUILEDF', 'RGESUDRIF', 'RRGBIOILEDF']","['http://id.eaufrance.fr/dc/0000000076', 'http://id.eaufrance.fr/dc/0300000036', 'http://id.eaufrance.fr/dc/0300000131', 'http://id.eaufrance.fr/dc/0300000133', 'http://id.eaufrance.fr/dc/0300000178', 'http://id.eaufrance.fr/dc/0300000184', 'http://id.eaufrance.fr/dc/0300000207', 'http://id.eaufrance.fr/dc/0300000215']","['Étude', 'RCS – Réseau de Contrôle de Surveillance', 'RHP – Réseau Hydrobiologique Piscicole']",599048.92,6879580.86,2154,26,RGF93 / Lambert 93,----0010,La Seine,http://id.eaufrance.fr/CoursEau_Carthage2017/----0010,H2,BASSIN SEINE,HR230B,https://id.eaufrance.fr/MasseDEauRiviere_VEDL2019/HR230B,78531,ROSNY-SUR-SEINE,78,Yvelines,11,ILE-DE-FRANCE,,Non renseigné,,0.0,03,SEINE-NORMANDIE,Calcaire,,,,reg_pm,Océanique irrégulier ou influence méditerranéenne,,176.0,544.0,17.0,0.2,62591.0,4.4,19.4,True,,,"{'type': 'Point', 'crs': {'type': 'name', 'properties': {'name': 'urn:ogc:def:crs:OGC:1.3:CRS84'}}, 'coordinates': [1.62006720626338, 49.0082010136122]}",1.62006720626338,49.0082010136122
03125500,LA SEINE A TRIEL-SUR-SEINE 1,http://id.eaufrance.fr/StationMesureEauxSurface/03125500,True,2010-03-08T00:00:00Z,626884.0,6875857.0,2154.0,26,RGF93 / Lambert 93,Non renseignée,,20209,005,True,1900-01-01T00:00:00Z,4,Poissons,http://id.eaufrance.fr/sup/4,"['0000000076', '0300000036', '0300000133', '0300000178', '0300000207', '0300000215']","['Réseau de surveillance des nitrates dans les eaux superficielles françaises', 'Réseau de suivi qualitatif des eaux superficielles dans le bassin Seine Normandie (RNB)', ""Contrôles opérationnels des cours d'eau du bassin Seine et cours d'eau côtiers normands"", 'Réseau local de contrôle opérationnel des eaux superficielles de la direction Ile de France', 'Réseau de gestion des eaux superficielles de la DRIF', 'Réseau de gestion hydrobiologique de la DIREN Ile de France']","['RNESUQNO3', 'RNB-RCA', 'FRHSUOR', 'RLCOESUILEDF', 'RGESUDRIF', 'RRGBIOILEDF']","['http://id.eaufrance.fr/dc/0000000076', 'http://id.eaufrance.fr/dc/0300000036', 'http://id.eaufrance.fr/dc/0300000133', 'http://id.eaufrance.fr/dc/0300000178', 'http://id.eaufrance.fr/dc/0300000207', 'http://id.eaufrance.fr/dc/0300000215']",['Étude'],626908.89,6875092.41,2154,26,RGF93 / Lambert 93,----0010,La Seine,http://id.eaufrance.fr/CoursEau_Carthage2017/----0010,H2,BASSIN SEINE,HR230A,https://id.eaufrance.fr/MasseDEauRiviere_VEDL2019/HR230A,78624,TRIEL-SUR-SEINE,78,Yvelines,11,ILE-DE-FRANCE,,Non renseigné,,,03,SEINE-NORMANDIE,Calcaire,,,,reg_pm,Océanique irrégulier ou influence méditerranéenne,Accessibilité facile,,492.0,17.0,0.1,61376.3,4.3,19.6,True,,,"{'type': 'Point', 'crs': {'type': 'name', 'properties': {'name': 'urn:ogc:def:crs:OGC:1.3:CRS84'}}, 'coordinates': [2.00162144569215, 48.9716174992068]}",2.00162144569215,48.9716174992068
03125000,LA SEINE A POISSY 1,http://id.eaufrance.fr/StationMesureEauxSurface/03125000,True,2010-03-08T00:00:00Z,629586.0,6871185.0,2154.0,26,RGF93 / Lambert 93,Non renseignée,,20201,005,True,1900-01-01T00:00:00Z,4,Poissons,http://id.eaufrance.fr/sup/4,"['0000000076', '0300000036', '0300000131', '0300000133', '0300000178', '0300000184', '0300000207', '0300000215', '0300000283']","['Réseau de surveillance des nitrates dans les eaux superficielles françaises', 'Réseau de suivi qualitatif des eaux superficielles dans le bassin Seine Normandie (RNB)', ""Contrôle de surveillance des cours d'eau du bassin Seine et cours d'eau côtiers normands"", ""Contrôles opérationnels des cours d'eau du bassin Seine et cours d'eau côtiers normands"", 'Réseau local de contrôle opérationnel des eaux superficielles de la direction Ile de France', ""Réseau local de contrôle de surveillance des eaux superficielles de la direction d'Ile de France"", 'Réseau de gestion des eaux superficielles de la DRIF', 'Réseau de gestion hydrobiologique de la DIREN Ile de France', 'Réseau de suivi de bouclage du bassin Seine Normandie']","['RNESUQNO3', 'RNB-RCA', 'FRHSUSR', 'FRHSUOR', 'RLCOESUILEDF', 'RLCSESUILEDF', 'RGESUDRIF', 'RRGBIOILEDF', 'RBOUSN']","['http://id.eaufrance.fr/dc/0000000076', 'http://id.eaufrance.fr/dc/0300000036', 'http://id.eaufrance.fr/dc/0300000131', 'http://id.eaufrance.fr/dc/0300000133', 'http://id.eaufrance.fr/dc/0300000178', 'http://id.eaufrance.fr/dc/0300000184', 'http://id.eaufrance.fr/dc/0300000207', 'http://id.eaufrance.fr/dc/0300000215', 'http://id.eaufrance.fr/dc/0300000283']","['RCS – Réseau de Contrôle de Surveillance', 'RHP – Réseau Hydrobiologique Piscicole']",629687.77,6871338.35,2154,26,RGF93 / Lambert 93,----0010,La Seine,http://id.eaufrance.fr/CoursEau_Carthage2017/----0010,H2,BASSIN SEINE,HR230A,https://id.eaufrance.fr/MasseDEauRiviere_VEDL2019/HR230A,78123,CARRIERES-SOUS-POISSY,78,Yvelines,11,ILE-DE-FRANCE,,Non renseigné,,,03,SEINE-NORMANDIE,Calcaire,,,,reg_pm,Océanique irrégulier ou influence méditerranéenne,Accessibilité facile,186.0,486.09,19.0,0.2,61338.9,4.4,19.7,True,,,"{'type': 'Point', 'crs': {'type': 'name', 'properties': {'name': 'urn:ogc:def:crs:OGC:1.3:CRS84'}}, 'coordinates': [2.04019864497258, 48.9381719267856]}",2.04019864497258,48.9381719267856
03084470,LA SEINE A MAISONS-LAFFITTE 1,http://id.eaufrance.fr/StationMesureEauxSurface/03084470,True,1971-01-01T00:00:00Z,638307.0,6871938.0,2154.0,26,RGF93 / Lambert 93,Non renseignée,,17562,005,True,1900-01-01T00:00:00Z,4,Poissons,http://id.eaufrance.fr/sup/4,"['0000000076', '0300000036', '0300000131', '0300000133', '0300000178', '0300000184', '0300000207', '0300000215']","['Réseau de surveillance des nitrates dans les eaux superficielles françaises', 'Réseau de suivi qualitatif des eaux superficielles dans le bassin Seine Normandie (RNB)', ""Contrôle de surveillance des cours d'eau du bassin Seine et cours d'eau côtiers normands"", ""Contrôles opérationnels des cours d'eau du bassin Seine et cours d'eau côtiers normands"", 'Réseau local de contrôle opérationnel des eaux superficielles de la direction Ile de France', ""Réseau local de contrôle de surveillance des eaux superficielles de la direction d'Ile de France"", 'Réseau de gestion des eaux superficielles de la DRIF', 'Réseau de gestion hydrobiologique de la DIREN Ile de France']","['RNESUQNO3', 'RNB-RCA', 'FRHSUSR', 'FRHSUOR', 'RLCOESUILEDF', 'RLCSESUILEDF', 'RGESUDRIF', 'RRGBIOILEDF']","['http://id.eaufrance.fr/dc/0000000076', 'http://id.eaufrance.fr/dc/0300000036', 'http://id.eaufrance.fr/dc/0300000131', 'http://id.eaufrance.fr/dc/0300000133', 'http://id.eaufrance.fr/dc/0300000178', 'http://id.eaufrance.fr/dc/0300000184', 'http://id.eaufrance.fr/dc/0300000207', 'http://id.eaufrance.fr/dc/0300000215']","['RCS – Réseau de Contrôle de Surveillance', 'RHP – Réseau Hydrobiologique Piscicole']",634965.97,6867683.27,2154,26,RGF93 / Lambert 93,----0010,La Seine,http://id.eaufrance.fr/CoursEau_Carthage2017/----0010,H2,BASSIN SEINE,HR155B,https://id.eaufrance.fr/MasseDEauRiviere_VEDL2019/HR155B,78481,LE PECQ,78,Yvelines,11,ILE-DE-FRANCE,,Non renseigné,,0.0,03,SEINE-NORMANDIE,Calcaire,,,,reg_pm,Océanique irrégulier ou influence méditerranéenne,,140.0,480.0,24.0,0.1,44567.0,4.5,19.9,True,,,"{'type': 'Point', 'crs': {'type': 'name', 'properties': {'name': 'urn:ogc:def:crs:OGC:1.3:CRS84'}}, 'coordinates': [2.1128032881724, 48.9058603439113]}",2.1128032881724,48.9058603439113
03082000,LA SEINE A SURESNES 2,http://id.eaufrance.fr/StationMesureEauxSurface/03082000,True,2010-03-08T00:00:00Z,643477.0,6863240.0,2154.0,26,RGF93 / Lambert 93,Non renseignée,,17447,005,True,1900-01-01T00:00:00Z,4,Poissons,http://id.eaufrance.fr/sup/4,"['0000000076', '0300000036', '0300000131', '0300000133', '0300000178', '0300000184', '0300000207', '0300000215']","['Réseau de surveillance des nitrates dans les eaux superficielles françaises', 'Réseau de suivi qualitatif des eaux superficielles dans le bassin Seine Normandie (RNB)', ""Contrôle de surveillance des cours d'eau du bassin Seine et cours d'eau côtiers normands"", ""Contrôles opérationnels des cours d'eau du bassin Seine et cours d'eau côtiers normands"", 'Réseau local de contrôle opérationnel des eaux superficielles de la direction Ile de France', ""Réseau local de contrôle de surveillance des eaux superficielles de la direction d'Ile de France"", 'Réseau de gestion des eaux superficielles de la DRIF', 'Réseau de gestion hydrobiologique de la DIREN Ile de France']","['RNESUQNO3', 'RNB-RCA', 'FRHSUSR', 'FRHSUOR', 'RLCOESUILEDF', 'RLCSESUILEDF', 'RGESUDRIF', 'RRGBIOILEDF']","['http://id.eaufrance.fr/dc/0000000076', 'http://id.eaufrance.fr/dc/0300000036', 'http://id.eaufrance.fr/dc/0300000131', 'http://id.eaufrance.fr/dc/0300000133', 'http://id.eaufrance.fr/dc/0300000178', 'http://id.eaufrance.fr/dc/0300000184', 'http://id.eaufrance.fr/dc/0300000207', 'http://id.eaufrance.fr/dc/0300000215']","['RCS – Réseau de Contrôle de Surveillance', 'RHP – Réseau Hydrobiologique Piscicole']",645887.2,6866222.47,2154,26,RGF93 / Lambert 93,----0010,La Seine,http://id.eaufrance.fr/CoursEau_Carthage2017/----0010,H2,BASSIN SEINE,HR155A,https://id.eaufrance.fr/MasseDEauRiviere_VEDL2019/HR155A,92073,SURESNES,92,Hauts-de-Seine,11,ILE-DE-FRANCE,,Non renseigné,,,03,SEINE-NORMANDIE,Calcaire,,,,reg_pm,Océanique irrégulier ou influence méditerranéenne,Accessibilité facile,182.0,460.0,27.0,0.1,44418.0,4.7,20.4,True,,,"{'type': 'Point', 'crs': {'type': 'name', 'properties': {'name': 'urn:ogc:def:crs:OGC:1.3:CRS84'}}, 'coordinates': [2.26196782537297, 48.8937349766186]}",2.26196782537297,48.8937349766186
03082000,LA SEINE A SURESNES 2,http://id.eaufrance.fr/StationMesureEauxSurface/03082000,True,2010-03-08T00:00:00Z,643477.0,6863240.0,2154.0,26,RGF93 / Lambert 93,Non renseignée,,17450,013,True,1900-01-01T00:00:00Z,69,Lit,http://id.eaufrance.fr/sup/69,"['0000000076', '0300000036', '0300000131', '0300000133', '0300000178', '0300000184', '0300000207', '0300000215']","['Réseau de surveillance des nitrates dans les eaux superficielles françaises', 'Réseau de suivi qualitatif des eaux superficielles dans le bassin Seine Normandie (RNB)', ""Contrôle de surveillance des cours d'eau du bassin Seine et cours d'eau côtiers normands"", ""Contrôles opérationnels des cours d'eau du bassin Seine et cours d'eau côtiers normands"", 'Réseau local de contrôle opérationnel des eaux superficielles de la direction Ile de France', ""Réseau local de contrôle de surveillance des eaux superficielles de la direction d'Ile de France"", 'Réseau de gestion des eaux superficielles de la DRIF', 'Réseau de gestion hydrobiologique de la DIREN Ile de France']","['RNESUQNO3', 'RNB-RCA', 'FRHSUSR', 'FRHSUOR', 'RLCOESUILEDF', 'RLCSESUILEDF', 'RGESUDRIF', 'RRGBIOILEDF']","['http://id.eaufrance.fr/dc/0000000076', 'http://id.eaufrance.fr/dc/0300000036', 'http://id.eaufrance.fr/dc/0300000131', 'http://id.eaufrance.fr/dc/0300000133', 'http://id.eaufrance.fr/dc/0300000178', 'http://id.eaufrance.fr/dc/0300000184', 'http://id.eaufrance.fr/dc/0300000207', 'http://id.eaufrance.fr/dc/0300000215']","['Étude', 'RCS – Réseau de Contrôle de Surveillance', 'RHP – Réseau Hydrobiologique Piscicole']",648272.61,6872631.6,2154,26,RGF93 / Lambert 93,----0010,La Seine,http://id.eaufrance.fr/CoursEau_Carthage2017/----0010,H2,BASSIN SEINE,HR155A,https://id.eaufrance.fr/MasseDEauRiviere_VEDL2019/HR155A,93039,L'ILE-SAINT-DENIS,93,Seine-Saint-Denis,11,ILE-DE-FRANCE,,Non renseigné,,,03,SEINE-NORMANDIE,Calcaire,,,,reg_pm,Océanique irrégulier ou influence méditerranéenne,Accessibilité facile,182.0,460.0,27.0,0.1,44418.0,4.7,20.4,True,,,"{'type': 'Point', 'crs': {'type': 'name', 'properties': {'name': 'urn:ogc:def:crs:OGC:1.3:CRS84'}}, 'coordinates': [2.29371827277458, 48.9515639230884]}",2.29371827277458,48.9515639230884
03063000,LA SEINE A ABLON-SUR-SEINE 2,http://id.eaufrance.fr/StationMesureEauxSurface/03063000,True,2010-03-08T00:00:00Z,657007.0,6846663.0,2154.0,26,RGF93 / Lambert 93,Non renseignée,,15950,005,True,1900-01-01T00:00:00Z,4,Poissons,http://id.eaufrance.fr/sup/4,"['0000000076', '0300000017', '0300000036', '0300000131', '0300000133', '0300000178', '0300000184', '0300000207', '0300000215', '0300000283']","['Réseau de surveillance des nitrates dans les eaux superficielles françaises', 'Réseau de suivi des produits phytosanitaires dans les eaux superficielles de la région Ile-de-France', 'Réseau de suivi qualitatif des eaux superficielles dans le bassin Seine Normandie (RNB)', ""Contrôle de surveillance des cours d'eau du bassin Seine et cours d'eau côtiers normands"", ""Contrôles opérationnels des cours d'eau du bassin Seine et cours d'eau côtiers normands"", 'Réseau local de contrôle opérationnel des eaux superficielles de la direction Ile de France', ""Réseau local de contrôle de surveillance des eaux superficielles de la direction d'Ile de France"", 'Réseau de gestion des eaux superficielles de la DRIF', 'Réseau de gestion hydrobiologique de la DIREN Ile de France', 'Réseau de suivi de bouclage du bassin Seine Normandie']","['RNESUQNO3', 'RRESUQYIDF', 'RNB-RCA', 'FRHSUSR', 'FRHSUOR', 'RLCOESUILEDF', 'RLCSESUILEDF', 'RGESUDRIF', 'RRGBIOILEDF', 'RBOUSN']","['http://id.eaufrance.fr/dc/0000000076', 'http://id.eaufrance.fr/dc/0300000017', 'http://id.eaufrance.fr/dc/0300000036', 'http://id.eaufrance.fr/dc/0300000131', 'http://id.eaufrance.fr/dc/0300000133', 'http://id.eaufrance.fr/dc/0300000178', 'http://id.eaufrance.fr/dc/0300000184', 'http://id.eaufrance.fr/dc/0300000207', 'http://id.eaufrance.fr/dc/0300000215', 'http://id.eaufrance.fr/dc/0300000283']","['Étude', 'RCS – Réseau de Contrôle de Surveillance', 'RHP – Réseau Hydrobiologique Piscicole']",658144.18,6847228.97,2154,26,RGF93 / Lambert 93,----0010,La Seine,http://id.eaufrance.fr/CoursEau_Carthage2017/----0010,H2,BASSIN SEINE,HR73B,https://id.eaufrance.fr/MasseDEauRiviere_VEDL2019/HR73B,94001,ABLON-SUR-SEINE,94,Val-de-Marne,11,ILE-DE-FRANCE,,Non renseigné,,,03,SEINE-NORMANDIE,Calcaire,,,,reg_pm,Océanique irrégulier ou influence méditerranéenne,Accessibilité facile,142.0,411.0,32.0,0.1,33101.0,4.5,20.4,True,,,"{'type': 'Point', 'crs': {'type': 'name', 'properties': {'name': 'urn:ogc:def:crs:OGC:1.3:CRS84'}}, 'coordinates': [2.43099799518002, 48.7238333068967]}",2.43099799518002,48.7238333068967
03048000,LA SEINE A SAINT-FARGEAU-PONTHIERRY 1,http://id.eaufrance.fr/StationMesureEauxSurface/03048000,True,2010-03-08T00:00:00Z,666622.0,6826460.0,2154.0,26,RGF93 / Lambert 93,Non renseignée,,14983,005,True,1900-01-01T00:00:00Z,4,Poissons,http://id.eaufrance.fr/sup/4,"['0000000076', '0300000036', '0300000131', '0300000133', '0300000178', '0300000184', '0300000207', '0300000215']","['Réseau de surveillance des nitrates dans les eaux superficielles françaises', 'Réseau de suivi qualitatif des eaux superficielles dans le bassin Seine Normandie (RNB)', ""Contrôle de surveillance des cours d'eau du bassin Seine et cours d'eau côtiers normands"", ""Contrôles opérationnels des cours d'eau du bassin Seine et cours d'eau côtiers normands"", 'Réseau local de contrôle opérationnel des eaux superficielles de la direction Ile de France', ""Réseau local de contrôle de surveillance des eaux superficielles de la direction d'Ile de France"", 'Réseau de gestion des eaux superficielles de la DRIF', 'Réseau de gestion hydrobiologique de la DIREN Ile de France']","['RNESUQNO3', 'RNB-RCA', 'FRHSUSR', 'FRHSUOR', 'RLCOESUILEDF', 'RLCSESUILEDF', 'RGESUDRIF', 'RRGBIOILEDF']","['http://id.eaufrance.fr/dc/0000000076', 'http://id.eaufrance.fr/dc/0300000036', 'http://id.eaufrance.fr/dc/0300000131', 'http://id.eaufrance.fr/dc/0300000133', 'http://id.eaufrance.fr/dc/0300000178', 'http://id.eaufrance.fr/dc/0300000184', 'http://id.eaufrance.fr/dc/0300000207', 'http://id.eaufrance.fr/dc/0300000215']",['RCS – Réseau de Contrôle de Surveillance'],666622.15,6826460.4,2154,26,RGF93 / Lambert 93,----0010,La Seine,http://id.eaufrance.fr/CoursEau_Carthage2017/----0010,H2,BASSIN SEINE,HR73A,https://id.eaufrance.fr/MasseDEauRiviere_VEDL2019/HR73A,77407,SAINT-FARGEAU-PONTHIERRY,77,Seine-et-Marne,11,ILE-DE-FRANCE,,Non renseigné,,,03,SEINE-NORMANDIE,Calcaire,,,,reg_pm,Océanique irrégulier ou influence méditerranéenne,Accessibilité facile,,381.0,38.0,0.1,28914.0,4.2,20.3,True,,,"{'type': 'Point', 'crs': {'type': 'name', 'properties': {'name': 'urn:ogc:def:crs:OGC:1.3:CRS84'}}, 'coordinates': [2.54786412370776, 48.5375177461014]}",2.54786412370776,48.5375177461014
03014000,LA SEINE A MONTEREAU-FAULT-YONNE 1,http://id.eaufrance.fr/StationMesureEauxSurface/03014000,True,2000-11-29T00:00:00Z,697015.0,6809837.0,2154.0,26,RGF93 / Lambert 93,Non renseignée,,10876,005,True,1900-01-01T00:00:00Z,4,Poissons,http://id.eaufrance.fr/sup/4,"['0000000076', '0300000036', '0300000131', '0300000133', '0300000178', '0300000184', '0300000207', '0300000215', '0300000283']","['Réseau de surveillance des nitrates dans les eaux superficielles françaises', 'Réseau de suivi qualitatif des eaux superficielles dans le bassin Seine Normandie (RNB)', ""Contrôle de surveillance des cours d'eau du bassin Seine et cours d'eau côtiers normands"", ""Contrôles opérationnels des cours d'eau du bassin Seine et cours d'eau côtiers normands"", 'Réseau local de contrôle opérationnel des eaux superficielles de la direction Ile de France', ""Réseau local de contrôle de surveillance des eaux superficielles de la direction d'Ile de France"", 'Réseau de gestion des eaux superficielles de la DRIF', 'Réseau de gestion hydrobiologique de la DIREN Ile de France', 'Réseau de suivi de bouclage du bassin Seine Normandie']","['RNESUQNO3', 'RNB-RCA', 'FRHSUSR', 'FRHSUOR', 'RLCOESUILEDF', 'RLCSESUILEDF', 'RGESUDRIF', 'RRGBIOILEDF', 'RBOUSN']","['http://id.eaufrance.fr/dc/0000000076', 'http://id.eaufrance.fr/dc/0300000036', 'http://id.eaufrance.fr/dc/0300000131', 'http://id.eaufrance.fr/dc/0300000133', 'http://id.eaufrance.fr/dc/0300000178', 'http://id.eaufrance.fr/dc/0300000184', 'http://id.eaufrance.fr/dc/0300000207', 'http://id.eaufrance.fr/dc/0300000215', 'http://id.eaufrance.fr/dc/0300000283']","['Étude', 'RCS – Réseau de Contrôle de Surveillance']",723822.03,6816195.88,2154,26,RGF93 / Lambert 93,----0010,La Seine,http://id.eaufrance.fr/CoursEau_Carthage2017/----0010,H2,BASSIN SEINE,HR38,https://id.eaufrance.fr/MasseDEauRiviere_VEDL2019/HR38,77341,NOYEN-SUR-SEINE,77,Seine-et-Marne,11,ILE-DE-FRANCE,,Non renseigné,,0.0,03,SEINE-NORMANDIE,Calcaire,,,,reg_pm,Océanique irrégulier ou influence méditerranéenne,,70.0,277.0,57.0,0.3,9663.0,3.9,20.0,True,,,"{'type': 'Point', 'crs': {'type': 'name', 'properties': {'name': 'urn:ogc:def:crs:OGC:1.3:CRS84'}}, 'coordinates': [3.32212738023888, 48.4456009137186]}",3.32212738023888,48.4456009137186
03012100,LA SEINE A COURCEROY 1,http://id.eaufrance.fr/StationMesureEauxSurface/03012100,True,2014-01-28T00:00:00Z,730766.0,6818774.0,2154.0,26,RGF93 / Lambert 93,Non renseignée,,10663,005,True,1900-01-01T00:00:00Z,4,Poissons,http://id.eaufrance.fr/sup/4,"['0000000076', '0300000036', '0300000131', '0300000133', '0300000178', '0300000184', '0300000207', '0300000215', '0300000219']","['Réseau de surveillance des nitrates dans les eaux superficielles françaises', 'Réseau de suivi qualitatif des eaux superficielles dans le bassin Seine Normandie (RNB)', ""Contrôle de surveillance des cours d'eau du bassin Seine et cours d'eau côtiers normands"", ""Contrôles opérationnels des cours d'eau du bassin Seine et cours d'eau côtiers normands"", 'Réseau local de contrôle opérationnel des eaux superficielles de la direction Ile de France', ""Réseau local de contrôle de surveillance des eaux superficielles de la direction d'Ile de France"", 'Réseau de gestion des eaux superficielles de la DRIF', 'Réseau de gestion hydrobiologique de la DIREN Ile de France', 'Réseau de gestion hydrobiologique de la DREAL Champagne-Ardennes']","['RNESUQNO3', 'RNB-RCA', 'FRHSUSR', 'FRHSUOR', 'RLCOESUILEDF', 'RLCSESUILEDF', 'RGESUDRIF', 'RRGBIOILEDF', 'RRGBIOCHAMPARD']","['http://id.eaufrance.fr/dc/0000000076', 'http://id.eaufrance.fr/dc/0300000036', 'http://id.eaufrance.fr/dc/0300000131', 'http://id.eaufrance.fr/dc/0300000133', 'http://id.eaufrance.fr/dc/0300000178', 'http://id.eaufrance.fr/dc/0300000184', 'http://id.eaufrance.fr/dc/0300000207', 'http://id.eaufrance.fr/dc/0300000215', 'http://id.eaufrance.fr/dc/0300000219']","['DCE – Référence', 'Étude', 'RCS – Réseau de Contrôle de Surveillance', 'RHP – Réseau Hydrobiologique Piscicole']",730765.82,6818774.06,2154,26,RGF93 / Lambert 93,----0010,La Seine,http://id.eaufrance.fr/CoursEau_Carthage2017/----0010,H2,BASSIN SEINE,HR34,https://id.eaufrance.fr/MasseDEauRiviere_VEDL2019/HR34,10106,COURCEROY,10,Aube,44,GRAND-EST,,Non renseigné,,,03,SEINE-NORMANDIE,Calcaire,,,,reg_pm,Océanique irrégulier ou influence méditerranéenne,Accessibilité facile,54.0,254.0,61.0,0.3,9233.0,3.6,19.9,True,,,"{'type': 'Point', 'crs': {'type': 'name', 'properties': {'name': 'urn:ogc:def:crs:OGC:1.3:CRS84'}}, 'coordinates': [3.41620524090576, 48.468502484628]}",3.41620524090576,48.468502484628
03011676,LA SEINE A NOGENT-SUR-SEINE 1,http://id.eaufrance.fr/StationMesureEauxSurface/03011676,True,2009-01-29T00:00:00Z,739188.0,6824047.0,2154.0,26,RGF93 / Lambert 93,Non renseignée,,10627,005,True,1900-01-01T00:00:00Z,4,Poissons,http://id.eaufrance.fr/sup/4,['0300000219'],['Réseau de gestion hydrobiologique de la DREAL Champagne-Ardennes'],['RRGBIOCHAMPARD'],['http://id.eaufrance.fr/dc/0300000219'],"['Étude', 'RHP – Réseau Hydrobiologique Piscicole']",739187.76,6824046.68,2154,26,RGF93 / Lambert 93,----0010,La Seine,http://id.eaufrance.fr/CoursEau_Carthage2017/----0010,H2,BASSIN SEINE,,,10268,NOGENT-SUR-SEINE,10,Aube,44,GRAND-EST,,Non renseigné,,0.0,03,SEINE-NORMANDIE,Calcaire,,,,reg_pm,Océanique irrégulier ou influence méditerranéenne,,50.0,238.0,63.0,0.3,8980.0,3.5,19.8,True,,,"{'type': 'Point', 'crs': {'type': 'name', 'properties': {'name': 'urn:ogc:def:crs:OGC:1.3:CRS84'}}, 'coordinates': [3.53061492919845, 48.5154797623678]}",3.53061492919845,48.5154797623678
03011300,LA SEINE A CONFLANS-SUR-SEINE 1,http://id.eaufrance.fr/StationMesureEauxSurface/03011300,True,2016-02-04T00:00:00Z,750249.0,6827851.0,2154.0,26,RGF93 / Lambert 93,Non renseignée,,10603,002,True,1900-01-01T00:00:00Z,6,Sédiments,http://id.eaufrance.fr/sup/6,"['0300000036', '0300000131', '0300000133', '0300000178', '0300000184', '0300000207', '0300000215', '0300000219']","['Réseau de suivi qualitatif des eaux superficielles dans le bassin Seine Normandie (RNB)', ""Contrôle de surveillance des cours d'eau du bassin Seine et cours d'eau côtiers normands"", ""Contrôles opérationnels des cours d'eau du bassin Seine et cours d'eau côtiers normands"", 'Réseau local de contrôle opérationnel des eaux superficielles de la direction Ile de France', ""Réseau local de contrôle de surveillance des eaux superficielles de la direction d'Ile de France"", 'Réseau de gestion des eaux superficielles de la DRIF', 'Réseau de gestion hydrobiologique de la DIREN Ile de France', 'Réseau de gestion hydrobiologique de la DREAL Champagne-Ardennes']","['RNB-RCA', 'FRHSUSR', 'FRHSUOR', 'RLCOESUILEDF', 'RLCSESUILEDF', 'RGESUDRIF', 'RRGBIOILEDF', 'RRGBIOCHAMPARD']","['http://id.eaufrance.fr/dc/0300000036', 'http://id.eaufrance.fr/dc/0300000131', 'http://id.eaufrance.fr/dc/0300000133', 'http://id.eaufrance.fr/dc/0300000178', 'http://id.eaufrance.fr/dc/0300000184', 'http://id.eaufrance.fr/dc/0300000207', 'http://id.eaufrance.fr/dc/0300000215', 'http://id.eaufrance.fr/dc/0300000219']","['Étude', 'RCS – Réseau de Contrôle de Surveillance', 'RHP – Réseau Hydrobiologique Piscicole']",750249.0,6827851.0,2154,26,RGF93 / Lambert 93,----0010,La Seine,http://id.eaufrance.fr/CoursEau_Carthage2017/----0010,H2,BASSIN SEINE,HR33,https://id.eaufrance.fr/MasseDEauRiviere_VEDL2019/HR33,51162,CONFLANS-SUR-SEINE,51,Marne,44,GRAND-EST,,Non renseigné,,0.0,03,SEINE-NORMANDIE,Calcaire,,,,reg_pm,Océanique irrégulier ou influence méditerranéenne,,55.0,235.0,63.0,0.3,8861.0,3.4,19.8,True,,,"{'type': 'Point', 'crs': {'type': 'name', 'properties': {'name': 'urn:ogc:def:crs:OGC:1.3:CRS84'}}, 'coordinates': [3.68082522051797, 48.5489379588995]}",3.68082522051797,48.5489379588995
03011300,LA SEINE A CONFLANS-SUR-SEINE 1,http://id.eaufrance.fr/StationMesureEauxSurface/03011300,True,2016-02-04T00:00:00Z,750249.0,6827851.0,2154.0,26,RGF93 / Lambert 93,Non renseignée,,10606,005,True,1900-01-01T00:00:00Z,4,Poissons,http://id.eaufrance.fr/sup/4,"['0300000036', '0300000131', '0300000133', '0300000178', '0300000184', '0300000207', '0300000215', '0300000219']","['Réseau de suivi qualitatif des eaux superficielles dans le bassin Seine Normandie (RNB)', ""Contrôle de surveillance des cours d'eau du bassin Seine et cours d'eau côtiers normands"", ""Contrôles opérationnels des cours d'eau du bassin Seine et cours d'eau côtiers normands"", 'Réseau local de contrôle opérationnel des eaux superficielles de la direction Ile de France', ""Réseau local de contrôle de surveillance des eaux superficielles de la direction d'Ile de France"", 'Réseau de gestion des eaux superficielles de la DRIF', 'Réseau de gestion hydrobiologique de la DIREN Ile de France', 'Réseau de gestion hydrobiologique de la DREAL Champagne-Ardennes']","['RNB-RCA', 'FRHSUSR', 'FRHSUOR', 'RLCOESUILEDF', 'RLCSESUILEDF', 'RGESUDRIF', 'RRGBIOILEDF', 'RRGBIOCHAMPARD']","['http://id.eaufrance.fr/dc/0300000036', 'http://id.eaufrance.fr/dc/0300000131', 'http://id.eaufrance.fr/dc/0300000133', 'http://id.eaufrance.fr/dc/0300000178', 'http://id.eaufrance.fr/dc/0300000184', 'http://id.eaufrance.fr/dc/0300000207', 'http://id.eaufrance.fr/dc/0300000215', 'http://id.eaufrance.fr/dc/0300000219']","['RCS – Réseau de Contrôle de Surveillance', 'RHP – Réseau Hydrobiologique Piscicole']",741283.01,6823996.96,2154,26,RGF93 / Lambert 93,----0010,La Seine,http://id.eaufrance.fr/CoursEau_Carthage2017/----0010,H2,BASSIN SEINE,HR33,https://id.eaufrance.fr/MasseDEauRiviere_VEDL2019/HR33,51162,CONFLANS-SUR-SEINE,51,Marne,44,GRAND-EST,,Non renseigné,,,03,SEINE-NORMANDIE,Calcaire,,,,reg_pm,Océanique irrégulier ou influence méditerranéenne,Accessibilité facile,,235.0,63.0,0.3,8861.0,3.4,19.8,True,,,"{'type': 'Point', 'crs': {'type': 'name', 'properties': {'name': 'urn:ogc:def:crs:OGC:1.3:CRS84'}}, 'coordinates': [3.5589796015464, 48.5149024584562]}",3.5589796015464,48.5149024584562
03006000,LA SEINE A MERY-SUR-SEINE 1,http://id.eaufrance.fr/StationMesureEauxSurface/03006000,True,2017-03-22T00:00:00Z,765726.0,6823385.0,2154.0,26,RGF93 / Lambert 93,Non renseignée,,10180,004,True,1900-01-01T00:00:00Z,10,Diatomées benthiques,http://id.eaufrance.fr/sup/10,"['0000000076', '0300000036', '0300000131', '0300000133', '0300000179', '0300000185', '0300000211', '0300000215', '0300000219', '0300000283']","['Réseau de surveillance des nitrates dans les eaux superficielles françaises', 'Réseau de suivi qualitatif des eaux superficielles dans le bassin Seine Normandie (RNB)', ""Contrôle de surveillance des cours d'eau du bassin Seine et cours d'eau côtiers normands"", ""Contrôles opérationnels des cours d'eau du bassin Seine et cours d'eau côtiers normands"", 'Réseau local de contrôle opérationnel des eaux superficielles de la direction Seine Amont', 'Réseau local de contrôle de surveillance des eaux superficielles de la direction Seine Amont', 'Réseau de gestion des eaux superficielles de la DSAM', 'Réseau de gestion hydrobiologique de la DIREN Ile de France', 'Réseau de gestion hydrobiologique de la DREAL Champagne-Ardennes', 'Réseau de suivi de bouclage du bassin Seine Normandie']","['RNESUQNO3', 'RNB-RCA', 'FRHSUSR', 'FRHSUOR', 'RLCOESUSEINEAM', 'RLCSESUSEINEAM', 'RGESUDSAM', 'RRGBIOILEDF', 'RRGBIOCHAMPARD', 'RBOUSN']","['http://id.eaufrance.fr/dc/0000000076', 'http://id.eaufrance.fr/dc/0300000036', 'http://id.eaufrance.fr/dc/0300000131', 'http://id.eaufrance.fr/dc/0300000133', 'http://id.eaufrance.fr/dc/0300000179', 'http://id.eaufrance.fr/dc/0300000185', 'http://id.eaufrance.fr/dc/0300000211', 'http://id.eaufrance.fr/dc/0300000215', 'http://id.eaufrance.fr/dc/0300000219', 'http://id.eaufrance.fr/dc/0300000283']","['Étude', 'RCS – Réseau de Contrôle de Surveillance', 'RHP – Réseau Hydrobiologique Piscicole']",765726.0,6823385.0,2154,26,RGF93 / Lambert 93,----0010,La Seine,http://id.eaufrance.fr/CoursEau_Carthage2017/----0010,H2,BASSIN SEINE,HR13A,https://id.eaufrance.fr/MasseDEauRiviere_VEDL2019/HR13A,10233,MERY-SUR-SEINE,10,Aube,44,GRAND-EST,,Non renseigné,,0.0,03,SEINE-NORMANDIE,Calcaire,,,,reg_pm,Océanique irrégulier ou influence méditerranéenne,,0.0,187.0,82.0,0.2,3864.0,3.3,19.8,True,,,"{'type': 'Point', 'crs': {'type': 'name', 'properties': {'name': 'urn:ogc:def:crs:OGC:1.3:CRS84'}}, 'coordinates': [3.8898260304923, 48.5073803796461]}",3.8898260304923,48.5073803796461
03006000,LA SEINE A MERY-SUR-SEINE 1,http://id.eaufrance.fr/StationMesureEauxSurface/03006000,True,2017-03-22T00:00:00Z,765726.0,6823385.0,2154.0,26,RGF93 / Lambert 93,Non renseignée,,10184,005,True,1900-01-01T00:00:00Z,4,Poissons,http://id.eaufrance.fr/sup/4,"['0000000076', '0300000036', '0300000131', '0300000133', '0300000179', '0300000185', '0300000211', '0300000215', '0300000219', '0300000283']","['Réseau de surveillance des nitrates dans les eaux superficielles françaises', 'Réseau de suivi qualitatif des eaux superficielles dans le bassin Seine Normandie (RNB)', ""Contrôle de surveillance des cours d'eau du bassin Seine et cours d'eau côtiers normands"", ""Contrôles opérationnels des cours d'eau du bassin Seine et cours d'eau côtiers normands"", 'Réseau local de contrôle opérationnel des eaux superficielles de la direction Seine Amont', 'Réseau local de contrôle de surveillance des eaux superficielles de la direction Seine Amont', 'Réseau de gestion des eaux superficielles de la DSAM', 'Réseau de gestion hydrobiologique de la DIREN Ile de France', 'Réseau de gestion hydrobiologique de la DREAL Champagne-Ardennes', 'Réseau de suivi de bouclage du bassin Seine Normandie']","['RNESUQNO3', 'RNB-RCA', 'FRHSUSR', 'FRHSUOR', 'RLCOESUSEINEAM', 'RLCSESUSEINEAM', 'RGESUDSAM', 'RRGBIOILEDF', 'RRGBIOCHAMPARD', 'RBOUSN']","['http://id.eaufrance.fr/dc/0000000076', 'http://id.eaufrance.fr/dc/0300000036', 'http://id.eaufrance.fr/dc/0300000131', 'http://id.eaufrance.fr/dc/0300000133', 'http://id.eaufrance.fr/dc/0300000179', 'http://id.eaufrance.fr/dc/0300000185', 'http://id.eaufrance.fr/dc/0300000211', 'http://id.eaufrance.fr/dc/0300000215', 'http://id.eaufrance.fr/dc/0300000219', 'http://id.eaufrance.fr/dc/0300000283']","['RCS – Réseau de Contrôle de Surveillance', 'RHP – Réseau Hydrobiologique Piscicole']",766249.62,6822778.78,2154,26,RGF93 / Lambert 93,----0010,La Seine,http://id.eaufrance.fr/CoursEau_Carthage2017/----0010,H2,BASSIN SEINE,HR13A,https://id.eaufrance.fr/MasseDEauRiviere_VEDL2019/HR13A,10233,MERY-SUR-SEINE,10,Aube,44,GRAND-EST,,Non renseigné,,,03,SEINE-NORMANDIE,Calcaire,,,,reg_pm,Océanique irrégulier ou influence méditerranéenne,Accessibilité facile,30.0,187.0,82.0,0.2,3864.0,3.3,19.8,True,,,"{'type': 'Point', 'crs': {'type': 'name', 'properties': {'name': 'urn:ogc:def:crs:OGC:1.3:CRS84'}}, 'coordinates': [3.8968211989563, 48.5018739548903]}",3.8968211989563,48.5018739548903
03004349,LA SEINE A CLEREY 1,http://id.eaufrance.fr/StationMesureEauxSurface/03004349,True,2017-05-18T00:00:00Z,788158.0,6789959.0,2154.0,26,RGF93 / Lambert 93,Non renseignée,,10118,005,True,1900-01-01T00:00:00Z,4,Poissons,http://id.eaufrance.fr/sup/4,"['0000000076', '0300000131', '0300000133', '0300000179', '0300000185', '0300000211', '0300000215', '0300000219']","['Réseau de surveillance des nitrates dans les eaux superficielles françaises', ""Contrôle de surveillance des cours d'eau du bassin Seine et cours d'eau côtiers normands"", ""Contrôles opérationnels des cours d'eau du bassin Seine et cours d'eau côtiers normands"", 'Réseau local de contrôle opérationnel des eaux superficielles de la direction Seine Amont', 'Réseau local de contrôle de surveillance des eaux superficielles de la direction Seine Amont', 'Réseau de gestion des eaux superficielles de la DSAM', 'Réseau de gestion hydrobiologique de la DIREN Ile de France', 'Réseau de gestion hydrobiologique de la DREAL Champagne-Ardennes']","['RNESUQNO3', 'FRHSUSR', 'FRHSUOR', 'RLCOESUSEINEAM', 'RLCSESUSEINEAM', 'RGESUDSAM', 'RRGBIOILEDF', 'RRGBIOCHAMPARD']","['http://id.eaufrance.fr/dc/0000000076', 'http://id.eaufrance.fr/dc/0300000131', 'http://id.eaufrance.fr/dc/0300000133', 'http://id.eaufrance.fr/dc/0300000179', 'http://id.eaufrance.fr/dc/0300000185', 'http://id.eaufrance.fr/dc/0300000211', 'http://id.eaufrance.fr/dc/0300000215', 'http://id.eaufrance.fr/dc/0300000219']",['RCS – Réseau de Contrôle de Surveillance'],791169.33,6786230.52,2154,26,RGF93 / Lambert 93,----0010,La Seine,http://id.eaufrance.fr/CoursEau_Carthage2017/----0010,H2,BASSIN SEINE,HR7,https://id.eaufrance.fr/MasseDEauRiviere_VEDL2019/HR7,10100,CLEREY,10,Aube,44,GRAND-EST,,Non renseigné,,,03,SEINE-NORMANDIE,,,,,,,Accessibilité facile,26.0,128.0,130.0,0.8,2565.0,3.0,19.7,True,,,"{'type': 'Point', 'crs': {'type': 'name', 'properties': {'name': 'urn:ogc:def:crs:OGC:1.3:CRS84'}}, 'coordinates': [4.22642842708273, 48.1700629856102]}",4.22642842708273,48.1700629856102
03004349,LA SEINE A CLEREY 1,http://id.eaufrance.fr/StationMesureEauxSurface/03004349,True,2017-05-18T00:00:00Z,788158.0,6789959.0,2154.0,26,RGF93 / Lambert 93,Non renseignée,,10120,013,True,1900-01-01T00:00:00Z,69,Lit,http://id.eaufrance.fr/sup/69,"['0000000076', '0300000131', '0300000133', '0300000179', '0300000185', '0300000211', '0300000215', '0300000219']","['Réseau de surveillance des nitrates dans les eaux superficielles françaises', ""Contrôle de surveillance des cours d'eau du bassin Seine et cours d'eau côtiers normands"", ""Contrôles opérationnels des cours d'eau du bassin Seine et cours d'eau côtiers normands"", 'Réseau local de contrôle opérationnel des eaux superficielles de la direction Seine Amont', 'Réseau local de contrôle de surveillance des eaux superficielles de la direction Seine Amont', 'Réseau de gestion des eaux superficielles de la DSAM', 'Réseau de gestion hydrobiologique de la DIREN Ile de France', 'Réseau de gestion hydrobiologique de la DREAL Champagne-Ardennes']","['RNESUQNO3', 'FRHSUSR', 'FRHSUOR', 'RLCOESUSEINEAM', 'RLCSESUSEINEAM', 'RGESUDSAM', 'RRGBIOILEDF', 'RRGBIOCHAMPARD']","['http://id.eaufrance.fr/dc/0000000076', 'http://id.eaufrance.fr/dc/0300000131', 'http://id.eaufrance.fr/dc/0300000133', 'http://id.eaufrance.fr/dc/0300000179', 'http://id.eaufrance.fr/dc/0300000185', 'http://id.eaufrance.fr/dc/0300000211', 'http://id.eaufrance.fr/dc/0300000215', 'http://id.eaufrance.fr/dc/0300000219']","['Étude', 'RHP – Réseau Hydrobiologique Piscicole']",790938.8,6787440.67,2154,26,RGF93 / Lambert 93,----0010,La Seine,http://id.eaufrance.fr/CoursEau_Carthage2017/----0010,H2,BASSIN SEINE,HR7,https://id.eaufrance.fr/MasseDEauRiviere_VEDL2019/HR7,10419,VILLEMOYENNE,10,Aube,44,GRAND-EST,,Non renseigné,,0.0,03,SEINE-NORMANDIE,Silicieux,,,,reg_pm,Océanique irrégulier ou influence méditerranéenne,,30.0,123.0,126.0,0.8,2622.0,3.1,19.8,True,,,"{'type': 'Point', 'crs': {'type': 'name', 'properties': {'name': 'urn:ogc:def:crs:OGC:1.3:CRS84'}}, 'coordinates': [4.22358002486641, 48.1809828656577]}",4.22358002486641,48.1809828656577
03004349,LA SEINE A CLEREY 1,http://id.eaufrance.fr/StationMesureEauxSurface/03004349,True,2017-05-18T00:00:00Z,788158.0,6789959.0,2154.0,26,RGF93 / Lambert 93,Non renseignée,,10115,002,True,1900-01-01T00:00:00Z,6,Sédiments,http://id.eaufrance.fr/sup/6,"['0000000076', '0300000131', '0300000133', '0300000179', '0300000185', '0300000211', '0300000215', '0300000219']","['Réseau de surveillance des nitrates dans les eaux superficielles françaises', ""Contrôle de surveillance des cours d'eau du bassin Seine et cours d'eau côtiers normands"", ""Contrôles opérationnels des cours d'eau du bassin Seine et cours d'eau côtiers normands"", 'Réseau local de contrôle opérationnel des eaux superficielles de la direction Seine Amont', 'Réseau local de contrôle de surveillance des eaux superficielles de la direction Seine Amont', 'Réseau de gestion des eaux superficielles de la DSAM', 'Réseau de gestion hydrobiologique de la DIREN Ile de France', 'Réseau de gestion hydrobiologique de la DREAL Champagne-Ardennes']","['RNESUQNO3', 'FRHSUSR', 'FRHSUOR', 'RLCOESUSEINEAM', 'RLCSESUSEINEAM', 'RGESUDSAM', 'RRGBIOILEDF', 'RRGBIOCHAMPARD']","['http://id.eaufrance.fr/dc/0000000076', 'http://id.eaufrance.fr/dc/0300000131', 'http://id.eaufrance.fr/dc/0300000133', 'http://id.eaufrance.fr/dc/0300000179', 'http://id.eaufrance.fr/dc/0300000185', 'http://id.eaufrance.fr/dc/0300000211', 'http://id.eaufrance.fr/dc/0300000215', 'http://id.eaufrance.fr/dc/0300000219']",['RCS – Réseau de Contrôle de Surveillance'],788126.0,6790001.0,2154,26,RGF93 / Lambert 93,----0010,La Seine,http://id.eaufrance.fr/CoursEau_Carthage2017/----0010,H2,BASSIN SEINE,HR7,https://id.eaufrance.fr/MasseDEauRiviere_VEDL2019/HR7,10100,CLEREY,10,Aube,44,GRAND-EST,,Non renseigné,648.0,0.0,03,SEINE-NORMANDIE,Silicieux,,,,reg_pm,Océanique irrégulier ou influence méditerranéenne,,0.0,128.0,130.0,0.8,2565.0,3.0,19.7,True,,,"{'type': 'Point', 'crs': {'type': 'name', 'properties': {'name': 'urn:ogc:def:crs:OGC:1.3:CRS84'}}, 'coordinates': [4.18625712372656, 48.2044041251407]}",4.18625712372656,48.2044041251407
03002265,LA SEINE A NEUVILLE-SUR-SEINE 1,http://id.eaufrance.fr/StationMesureEauxSurface/03002265,True,2009-01-30T00:00:00Z,804789.0,6772247.0,2154.0,26,RGF93 / Lambert 93,Non renseignée,,9960,005,True,1900-01-01T00:00:00Z,4,Poissons,http://id.eaufrance.fr/sup/4,['0300000219'],['Réseau de gestion hydrobiologique de la DREAL Champagne-Ardennes'],['RRGBIOCHAMPARD'],['http://id.eaufrance.fr/dc/0300000219'],['Étude'],804788.75,6772246.93,2154,26,RGF93 / Lambert 93,----0010,La Seine,http://id.eaufrance.fr/CoursEau_Carthage2017/----0010,H2,BASSIN SEINE,,,10262,NEUVILLE-SUR-SEINE,10,Aube,44,GRAND-EST,,Non renseigné,,0.0,03,SEINE-NORMANDIE,Calcaire,,,,reg_pm,Océanique irrégulier ou influence méditerranéenne,,25.0,94.0,169.0,0.3,795.0,2.9,19.8,True,,,"{'type': 'Point', 'crs': {'type': 'name', 'properties': {'name': 'urn:ogc:def:crs:OGC:1.3:CRS84'}}, 'coordinates': [4.40625361323648, 48.0422062961051]}",4.40625361323648,48.0422062961051
03002228,LA SEINE A COURTERON 1,http://id.eaufrance.fr/StationMesureEauxSurface/03002228,True,2009-01-30T00:00:00Z,807490.0,6769921.0,2154.0,26,RGF93 / Lambert 93,Non renseignée,,9955,005,True,1900-01-01T00:00:00Z,4,Poissons,http://id.eaufrance.fr/sup/4,['0300000219'],['Réseau de gestion hydrobiologique de la DREAL Champagne-Ardennes'],['RRGBIOCHAMPARD'],['http://id.eaufrance.fr/dc/0300000219'],"['Étude', 'RHP – Réseau Hydrobiologique Piscicole']",807490.1,6769921.46,2154,26,RGF93 / Lambert 93,----0010,La Seine,http://id.eaufrance.fr/CoursEau_Carthage2017/----0010,H2,BASSIN SEINE,,,10111,COURTERON,10,Aube,44,GRAND-EST,,Non renseigné,,0.0,03,SEINE-NORMANDIE,Calcaire,,,,reg_pm,Océanique irrégulier ou influence méditerranéenne,,35.0,90.0,174.0,1.5,756.0,2.9,19.8,True,,,"{'type': 'Point', 'crs': {'type': 'name', 'properties': {'name': 'urn:ogc:def:crs:OGC:1.3:CRS84'}}, 'coordinates': [4.44192766019036, 48.0208445702404]}",4.44192766019036,48.0208445702404
03002174,LA SEINE A PLAINES-SAINT-LANGE 1,http://id.eaufrance.fr/StationMesureEauxSurface/03002174,True,2009-01-30T00:00:00Z,810456.0,6767186.0,2154.0,26,RGF93 / Lambert 93,Non renseignée,,9946,001,True,1900-01-01T00:00:00Z,4,Poissons,http://id.eaufrance.fr/sup/4,['0300000219'],['Réseau de gestion hydrobiologique de la DREAL Champagne-Ardennes'],['RRGBIOCHAMPARD'],['http://id.eaufrance.fr/dc/0300000219'],['Étude'],810455.23,6767186.53,2154,26,RGF93 / Lambert 93,----0010,La Seine,http://id.eaufrance.fr/CoursEau_Carthage2017/----0010,H2,BASSIN SEINE,,,10288,PLAINES-SAINT-LANGE,10,Aube,44,GRAND-EST,,Non renseigné,,0.0,03,SEINE-NORMANDIE,Calcaire,,,,reg_pm,Océanique irrégulier ou influence méditerranéenne,,35.0,83.0,190.0,0.3,701.0,2.8,19.7,True,,,"{'type': 'Point', 'crs': {'type': 'name', 'properties': {'name': 'urn:ogc:def:crs:OGC:1.3:CRS84'}}, 'coordinates': [4.48100620862235, 47.9957431479656]}",4.48100620862235,47.9957431479656
03002145,LA SEINE A MUSSY-SUR-SEINE 2,http://id.eaufrance.fr/StationMesureEauxSurface/03002145,True,2009-02-03T00:00:00Z,811934.0,6765306.0,2154.0,26,RGF93 / Lambert 93,Non renseignée,,9941,005,True,1900-01-01T00:00:00Z,4,Poissons,http://id.eaufrance.fr/sup/4,['0300000219'],['Réseau de gestion hydrobiologique de la DREAL Champagne-Ardennes'],['RRGBIOCHAMPARD'],['http://id.eaufrance.fr/dc/0300000219'],['Étude'],811933.72,6765305.7,2154,26,RGF93 / Lambert 93,----0010,La Seine,http://id.eaufrance.fr/CoursEau_Carthage2017/----0010,H2,BASSIN SEINE,,,10261,MUSSY-SUR-SEINE,10,Aube,44,GRAND-EST,,Non renseigné,,0.0,03,SEINE-NORMANDIE,Calcaire,,,,reg_pm,Océanique irrégulier ou influence méditerranéenne,,19.0,95.95,190.0,0.5,697.41,2.8,19.7,True,,,"{'type': 'Point', 'crs': {'type': 'name', 'properties': {'name': 'urn:ogc:def:crs:OGC:1.3:CRS84'}}, 'coordinates': [4.50034624875203, 47.9785690719144]}",4.50034624875203,47.9785690719144
03002127,LA SEINE A GOMMEVILLE 1,http://id.eaufrance.fr/StationMesureEauxSurface/03002127,True,2020-03-23T00:00:00Z,811795.0,6763476.0,2154.0,26,RGF93 / Lambert 93,Non renseignée,,9933,005,True,1900-01-01T00:00:00Z,4,Poissons,http://id.eaufrance.fr/sup/4,['0300000217'],['Réseau de gestion hydrobiologique de la DREAL Bourgogne'],['RRGBIOBOURGOGN'],['http://id.eaufrance.fr/dc/0300000217'],['Étude'],811795.21,6763476.14,2154,26,RGF93 / Lambert 93,----0010,La Seine,http://id.eaufrance.fr/CoursEau_Carthage2017/----0010,,,HR2B,https://id.eaufrance.fr/MasseDEauRiviere_VEDL2019/HR2B,21302,GOMMEVILLE,21,Côte-d'Or,27,BOURGOGNE-FRANCHE-COMTE,,Non renseigné,,,03,SEINE-NORMANDIE,Calcaire,,,,reg_pm,Océanique irrégulier ou influence méditerranéenne,,,,,,8.28,,,True,,,"{'type': 'Point', 'crs': {'type': 'name', 'properties': {'name': 'urn:ogc:def:crs:OGC:1.3:CRS84'}}, 'coordinates': [4.49802494049696, 47.9621309915055]}",4.49802494049696,47.9621309915055
03002100,LA SEINE A CHARREY-SUR-SEINE 1,http://id.eaufrance.fr/StationMesureEauxSurface/03002100,True,2017-12-05T00:00:00Z,812548.0,6761351.0,2154.0,26,RGF93 / Lambert 93,Non renseignée,,9921,005,True,1900-01-01T00:00:00Z,4,Poissons,http://id.eaufrance.fr/sup/4,"['0000000076', '0300000036', '0300000131', '0300000133', '0300000179', '0300000185', '0300000211', '0300000217']","['Réseau de surveillance des nitrates dans les eaux superficielles françaises', 'Réseau de suivi qualitatif des eaux superficielles dans le bassin Seine Normandie (RNB)', ""Contrôle de surveillance des cours d'eau du bassin Seine et cours d'eau côtiers normands"", ""Contrôles opérationnels des cours d'eau du bassin Seine et cours d'eau côtiers normands"", 'Réseau local de contrôle opérationnel des eaux superficielles de la direction Seine Amont', 'Réseau local de contrôle de surveillance des eaux superficielles de la direction Seine Amont', 'Réseau de gestion des eaux superficielles de la DSAM', 'Réseau de gestion hydrobiologique de la DREAL Bourgogne']","['RNESUQNO3', 'RNB-RCA', 'FRHSUSR', 'FRHSUOR', 'RLCOESUSEINEAM', 'RLCSESUSEINEAM', 'RGESUDSAM', 'RRGBIOBOURGOGN']","['http://id.eaufrance.fr/dc/0000000076', 'http://id.eaufrance.fr/dc/0300000036', 'http://id.eaufrance.fr/dc/0300000131', 'http://id.eaufrance.fr/dc/0300000133', 'http://id.eaufrance.fr/dc/0300000179', 'http://id.eaufrance.fr/dc/0300000185', 'http://id.eaufrance.fr/dc/0300000211', 'http://id.eaufrance.fr/dc/0300000217']","['DCE – Référence', 'RCS – Réseau de Contrôle de Surveillance']",815318.0,6757096.0,2154,26,RGF93 / Lambert 93,----0010,La Seine,http://id.eaufrance.fr/CoursEau_Carthage2017/----0010,H2,BASSIN SEINE,HR2B,https://id.eaufrance.fr/MasseDEauRiviere_VEDL2019/HR2B,21711,VIX,21,Côte-d'Or,27,BOURGOGNE-FRANCHE-COMTE,,Non renseigné,,,03,SEINE-NORMANDIE,Calcaire,,,,reg_pf,Pluvial océanique,Accessibilité facile,,73.8,201.0,1.5,559.0,2.8,19.6,True,,,"{'type': 'Point', 'crs': {'type': 'name', 'properties': {'name': 'urn:ogc:def:crs:OGC:1.3:CRS84'}}, 'coordinates': [4.5435465262106, 47.9041131386644]}",4.5435465262106,47.9041131386644
03001000,LA SEINE A NOD-SUR-SEINE 1,http://id.eaufrance.fr/StationMesureEauxSurface/03001000,True,2012-07-11T00:00:00Z,817677.0,6741593.0,2154.0,26,RGF93 / Lambert 93,Non renseignée,,9879,005,True,1900-01-01T00:00:00Z,4,Poissons,http://id.eaufrance.fr/sup/4,"['0000000076', '0300000036', '0300000131', '0300000133', '0300000179', '0300000185', '0300000211', '0300000217']","['Réseau de surveillance des nitrates dans les eaux superficielles françaises', 'Réseau de suivi qualitatif des eaux superficielles dans le bassin Seine Normandie (RNB)', ""Contrôle de surveillance des cours d'eau du bassin Seine et cours d'eau côtiers normands"", ""Contrôles opérationnels des cours d'eau du bassin Seine et cours d'eau côtiers normands"", 'Réseau local de contrôle opérationnel des eaux superficielles de la direction Seine Amont', 'Réseau local de contrôle de surveillance des eaux superficielles de la direction Seine Amont', 'Réseau de gestion des eaux superficielles de la DSAM', 'Réseau de gestion hydrobiologique de la DREAL Bourgogne']","['RNESUQNO3', 'RNB-RCA', 'FRHSUSR', 'FRHSUOR', 'RLCOESUSEINEAM', 'RLCSESUSEINEAM', 'RGESUDSAM', 'RRGBIOBOURGOGN']","['http://id.eaufrance.fr/dc/0000000076', 'http://id.eaufrance.fr/dc/0300000036', 'http://id.eaufrance.fr/dc/0300000131', 'http://id.eaufrance.fr/dc/0300000133', 'http://id.eaufrance.fr/dc/0300000179', 'http://id.eaufrance.fr/dc/0300000185', 'http://id.eaufrance.fr/dc/0300000211', 'http://id.eaufrance.fr/dc/0300000217']","['Étude', 'RCS – Réseau de Contrôle de Surveillance', 'RHP – Réseau Hydrobiologique Piscicole']",817628.72,6741642.55,2154,26,RGF93 / Lambert 93,----0010,La Seine,http://id.eaufrance.fr/CoursEau_Carthage2017/----0010,H2,BASSIN SEINE,HR2A,https://id.eaufrance.fr/MasseDEauRiviere_VEDL2019/HR2A,21455,NOD-SUR-SEINE,21,Côte-d'Or,27,BOURGOGNE-FRANCHE-COMTE,,Non renseigné,,,03,SEINE-NORMANDIE,Calcaire,,,,reg_pf,Pluvial océanique,Accessibilité facile,,38.0,248.0,2.1,412.0,2.4,19.5,True,,,"{'type': 'Point', 'crs': {'type': 'name', 'properties': {'name': 'urn:ogc:def:crs:OGC:1.3:CRS84'}}, 'coordinates': [4.57035463517361, 47.7646489835565]}",4.57035463517361,47.7646489835565
03000100,LA SEINE A BAIGNEUX-LES-JUIFS 1,http://id.eaufrance.fr/StationMesureEauxSurface/03000100,True,1971-01-01T00:00:00Z,826286.0,6724377.0,2154.0,26,RGF93 / Lambert 93,Non renseignée,,9806,005,True,1900-01-01T00:00:00Z,4,Poissons,http://id.eaufrance.fr/sup/4,"['0300000036', '0300000217']","['Réseau de suivi qualitatif des eaux superficielles dans le bassin Seine Normandie (RNB)', 'Réseau de gestion hydrobiologique de la DREAL Bourgogne']","['RNB-RCA', 'RRGBIOBOURGOGN']","['http://id.eaufrance.fr/dc/0300000036', 'http://id.eaufrance.fr/dc/0300000217']","['Étude', 'RHP – Réseau Hydrobiologique Piscicole']",826278.48,6724410.01,2154,26,RGF93 / Lambert 93,----0010,La Seine,http://id.eaufrance.fr/CoursEau_Carthage2017/----0010,,,HR1,https://id.eaufrance.fr/MasseDEauRiviere_VEDL2019/HR1,21471,ORRET,21,Côte-d'Or,27,BOURGOGNE-FRANCHE-COMTE,,Non renseigné,,,03,SEINE-NORMANDIE,Calcaire,,,,reg_pf,Pluvial océanique,,,,,,2.04,,,True,,,"{'type': 'Point', 'crs': {'type': 'name', 'properties': {'name': 'urn:ogc:def:crs:OGC:1.3:CRS84'}}, 'coordinates': [4.68089943525368, 47.6079733654115]}",4.68089943525368,47.6079733654115
03000084,LA SEINE A OIGNY,http://id.eaufrance.fr/StationMesureEauxSurface/03000084,True,2020-03-23T00:00:00Z,828471.0,6720139.0,2154.0,26,RGF93 / Lambert 93,Non renseignée,,9801,005,True,1900-01-01T00:00:00Z,4,Poissons,http://id.eaufrance.fr/sup/4,['0300000217'],['Réseau de gestion hydrobiologique de la DREAL Bourgogne'],['RRGBIOBOURGOGN'],['http://id.eaufrance.fr/dc/0300000217'],,828471.41,6720139.38,2154,26,RGF93 / Lambert 93,----0010,La Seine,http://id.eaufrance.fr/CoursEau_Carthage2017/----0010,,,HR1,https://id.eaufrance.fr/MasseDEauRiviere_VEDL2019/HR1,21466,OIGNY,21,Côte-d'Or,27,BOURGOGNE-FRANCHE-COMTE,,Non renseigné,,,03,SEINE-NORMANDIE,Calcaire,,,,reg_pf,Pluvial océanique,,,,,,1.88,,,True,,,"{'type': 'Point', 'crs': {'type': 'name', 'properties': {'name': 'urn:ogc:def:crs:OGC:1.3:CRS84'}}, 'coordinates': [4.70885055714541, 47.569117744398]}",4.70885055714541,47.569117744398
,,,,,,,,,,,,91262,,True,2012-05-22T00:00:00Z,,,,,,,,['Étude'],727133.63832036,6818560.12869971,2154,26,RGF93 / Lambert 93,----0010,La Seine,http://id.eaufrance.fr/CoursEau_Carthage2017/----0010,H2,BASSIN SEINE,,,77522,VILLIERS-SUR-SEINE,77,Seine-et-Marne,11,ILE-DE-FRANCE,LE CARRE,VILLIERS SUR SEINE LIEU DIT LE CARRE,,0.0,03,SEINE-NORMANDIE,Calcaire,,,,reg_pm,Océanique irrégulier ou influence méditerranéenne,,25.0,180.0,65.0,,6.77,3.7,19.9,,Fleuve la Seine à Villiers-sur-seine,03770080,"{'type': 'Point', 'crs': {'type': 'name', 'properties': {'name': 'urn:ogc:def:crs:OGC:1.3:CRS84'}}, 'coordinates': [3.36705577210638, 48.4667400121602]}",3.36705577210638,48.4667400121602
,,,,,,,,,,,,91265,,True,2012-05-22T00:00:00Z,,,,,,,,['Étude'],632042.7953484,6876786.88461875,2154,26,RGF93 / Lambert 93,----0010,La Seine,http://id.eaufrance.fr/CoursEau_Carthage2017/----0010,H2,BASSIN SEINE,,,78172,CONFLANS-SAINTE-HONORINE,78,Yvelines,11,ILE-DE-FRANCE,CONFLUENCE OISE,AMONT BARRAGE,,0.0,03,SEINE-NORMANDIE,Calcaire,,,,reg_pm,Océanique irrégulier ou influence méditerranéenne,,150.0,,0.0,,2.2,4.2,19.4,,Fleuve la Seine à Conflans-sainte-honorine,03780025,"{'type': 'Point', 'crs': {'type': 'name', 'properties': {'name': 'urn:ogc:def:crs:OGC:1.3:CRS84'}}, 'coordinates': [2.07146849622202, 48.9874166734023]}",2.07146849622202,48.9874166734023
,,,,,,,,,,,,91288,,True,2021-06-07T00:00:00Z,,,,,,,,['Étude'],645855.21694243,6866142.40829757,2154,26,RGF93 / Lambert 93,----0010,La Seine,http://id.eaufrance.fr/CoursEau_Carthage2017/----0010,H2,BASSIN SEINE,,,92051,NEUILLY-SUR-SEINE,92,Hauts-de-Seine,11,ILE-DE-FRANCE,ILE DE LA GRANDE JATTE,400 M AVAL PONT,,,03,SEINE-NORMANDIE,Calcaire,,,,reg_pm,Océanique irrégulier ou influence méditerranéenne,Accessibilité facile,95.0,428.0,29.0,0.1,43780.2,4.8,20.7,,La Seine à Asnieres-sur-Seine,03920068,"{'type': 'Point', 'crs': {'type': 'name', 'properties': {'name': 'urn:ogc:def:crs:OGC:1.3:CRS84'}}, 'coordinates': [2.2615418527222, 48.8930123314548]}",2.2615418527222,48.8930123314548
,,,,,,,,,,,,100188,,True,2012-06-15T00:00:00Z,,,,,,,,['Étude'],817171.67109936,6750777.55429241,2154,26,RGF93 / Lambert 93,----0010,La Seine,http://id.eaufrance.fr/CoursEau_Carthage2017/----0010,H2,BASSIN SEINE,,,21154,CHATILLON-SUR-SEINE,21,Côte-d'Or,27,BOURGOGNE-FRANCHE-COMTE,Le Fourneau,aval ancien ouvrage hydraulique,,0.0,03,SEINE-NORMANDIE,Calcaire,,,,reg_pf,Pluvial océanique,Accessibilité facile,,59.0,223.0,1.8,491.0,2.7,19.5,,Seine à Chatillon-sur-seine,03210252,"{'type': 'Point', 'crs': {'type': 'name', 'properties': {'name': 'urn:ogc:def:crs:OGC:1.3:CRS84'}}, 'coordinates': [4.56667391507597, 47.8469309367865]}",4.56667391507597,47.8469309367865
,,,,,,,,,,,,100189,,True,2012-03-01T00:00:00Z,,,,,,,,['Étude'],817315.00960046,6750594.45884448,2154,26,RGF93 / Lambert 93,----0010,La Seine,http://id.eaufrance.fr/CoursEau_Carthage2017/----0010,H2,BASSIN SEINE,,,21154,CHATILLON-SUR-SEINE,21,Côte-d'Or,27,BOURGOGNE-FRANCHE-COMTE,Le Fourneau amont,Amont ancien ouvrage hydraulique,0.0,0.0,03,SEINE-NORMANDIE,Calcaire,,,,reg_pf,Pluvial océanique,Accessibilité facile,0.0,59.0,223.0,1.8,491.0,2.7,19.5,,Seine à Chatillon-sur-seine,03210253,"{'type': 'Point', 'crs': {'type': 'name', 'properties': {'name': 'urn:ogc:def:crs:OGC:1.3:CRS84'}}, 'coordinates': [4.56854133136113, 47.8452578030932]}",4.56854133136113,47.8452578030932
,,,,,,,,,,,,101680,,True,2012-05-22T00:00:00Z,,,,,,,,['Étude'],645855.21694243,6866142.40829757,2154,26,RGF93 / Lambert 93,----0010,La Seine,http://id.eaufrance.fr/CoursEau_Carthage2017/----0010,H2,BASSIN SEINE,,,92051,NEUILLY-SUR-SEINE,92,Hauts-de-Seine,11,ILE-DE-FRANCE,ILE DE LA GRANDE JATTE,400 M AVAL PONT,,0.0,03,SEINE-NORMANDIE,Calcaire,,,,reg_pm,Océanique irrégulier ou influence méditerranéenne,,95.0,428.0,29.0,0.1,45000.0,4.8,20.7,,La Seine à Asnieres-sur-Seine,03920068,"{'type': 'Point', 'crs': {'type': 'name', 'properties': {'name': 'urn:ogc:def:crs:OGC:1.3:CRS84'}}, 'coordinates': [2.2615418527222, 48.8930123314548]}",2.2615418527222,48.8930123314548
,,,,,,,,,,,,91266,,True,2012-05-22T00:00:00Z,,,,,,,,['Étude'],631991.36350699,6876612.41974148,2154,26,RGF93 / Lambert 93,----0010,La Seine,http://id.eaufrance.fr/CoursEau_Carthage2017/----0010,H2,BASSIN SEINE,,,78015,ANDRESY,78,Yvelines,11,ILE-DE-FRANCE,CONFLUENCE OISE,RIVE GAUCHE 200 M AMONT BARRAGE,,0.0,03,SEINE-NORMANDIE,Calcaire,,,,reg_pm,Océanique irrégulier ou influence méditerranéenne,,120.0,,0.0,,2.2,4.2,19.4,,Fleuve la Seine à Acheres,03780060,"{'type': 'Point', 'crs': {'type': 'name', 'properties': {'name': 'urn:ogc:def:crs:OGC:1.3:CRS84'}}, 'coordinates': [2.07079387393219, 48.9858425305292]}",2.07079387393219,48.9858425305292
