code_station,libelle_station,statut_station,date_modification_station,coordonnee_x_station,coordonnee_y_station,code_point_prelevement_aspe,code_point_prelevement,statut_point_prelevement,coordonnee_x_point_prelevement,coordonnee_y_point_prelevement,code_entite_hydrographique,libelle_entite_hydrographique,code_unite_hydrographique,libelle_unite_hydrographique,code_masse_eau,code_commune,libelle_commune,code_departement,libelle_departement,code_region,libelle_region,libelle_bassin,formation_geologique,eligibilite_ipr_iprplus,longitude,latitude
3184370.0,LA SEINE A DUCLAIR 1,True,2013-08-01T00:00:00Z,546100.0,6933272.0,23853,5.0,True,546004.01,6933214.22,----0010,La Seine,H2,BASSIN SEINE,,76222,DUCLAIR,76,Seine-Maritime,28,NORMANDIE,SEINE-NORMANDIE,Calcaire,True,0.875546309172529,49.4796615385682
3182669.0,LA SEINE A SAINT-AUBIN-LES-ELBEUF 1,True,2009-01-12T00:00:00Z,554111.0,6913048.0,23792,5.0,True,554110.84,6913047.13,----0010,La Seine,H2,BASSIN SEINE,,76231,ELBEUF,76,Seine-Maritime,28,NORMANDIE,SEINE-NORMANDIE,Calcaire,True,0.994399567376412,49.3003574472352
3174021.0,LA SEINE A POSES 1,True,2006-03-30T00:00:00Z,571733.0,6913730.0,91295,,True,570812.77621973,6913802.10026316,----0010,La Seine,H2,BASSIN SEINE,,27458,PITRES,27,Eure,28,NORMANDIE,SEINE-NORMANDIE,Calcaire,True,1.22369231196441,49.3107372532084
3174021.0,LA SEINE A POSES 1,True,2006-03-30T00:00:00Z,571733.0,6913730.0,101687,,True,570812.77621973,6913802.10026316,----0010,La Seine,H2,BASSIN SEINE,,27458,PITRES,27,Eure,28,NORMANDIE,SEINE-NORMANDIE,Calcaire,True,1.22369231196441,49.3107372532084
3174000.0,LA SEINE A POSES 2,True,2010-03-08T00:00:00Z,571754.0,6913715.0,23245,5.0,True,572389.1,6913229.9,----0010,La Seine,H2,BASSIN SEINE,HR230C,27474,POSES,27,Eure,28,NORMANDIE,SEINE-NORMANDIE,Calcaire,True,1.24553416648944,49.3059116582433
3127370.0,LA SEINE A MERICOURT 4,True,2017-10-18T00:00:00Z,598428.08,6881051.86,20345,5.0,True,599048.92,6879580.86,----0010,La Seine,H2,BASSIN SEINE,HR230B,78531,ROSNY-SUR-SEINE,78,Yvelines,11,ILE-DE-FRANCE,SEINE-NORMANDIE,Calcaire,True,1.62006720626338,49.0082010136122
3125500.0,LA SEINE A TRIEL-SUR-SEINE 1,True,2010-03-08T00:00:00Z,626884.0,6875857.0,20209,5.0,True,626908.89,6875092.41,----0010,La Seine,H2,BASSIN SEINE,HR230A,78624,TRIEL-SUR-SEINE,78,Yvelines,11,ILE-DE-FRANCE,SEINE-NORMANDIE,Calcaire,True,2.00162144569215,48.9716174992068
3125000.0,LA SEINE A POISSY 1,True,2010-03-08T00:00:00Z,629586.0,6871185.0,20201,5.0,True,629687.77,6871338.35,----0010,La Seine,H2,BASSIN SEINE,HR230A,78123,CARRIERES-SOUS-POISSY,78,Yvelines,11,ILE-DE-FRANCE,SEINE-NORMANDIE,Calcaire,True,2.04019864497258,48.9381719267856
3084470.0,LA SEINE A MAISONS-LAFFITTE 1,True,1971-01-01T00:00:00Z,638307.0,6871938.0,17562,5.0,True,634965.97,6867683.27,----0010,La Seine,H2,BASSIN SEINE,HR155B,78481,LE PECQ,78,Yvelines,11,ILE-DE-FRANCE,SEINE-NORMANDIE,Calcaire,True,2.1128032881724,48.9058603439113
3082000.0,LA SEINE A SURESNES 2,True,2010-03-08T00:00:00Z,643477.0,6863240.0,17447,5.0,True,645887.2,6866222.47,----0010,La Seine,H2,BASSIN SEINE,HR155A,92073,SURESNES,92,Hauts-de-Seine,11,ILE-DE-FRANCE,SEINE-NORMANDIE,Calcaire,True,2.26196782537297,48.8937349766186
3082000.0,LA SEINE A SURESNES 2,True,2010-03-08T00:00:00Z,643477.0,6863240.0,17450,13.0,True,648272.61,6872631.6,----0010,La Seine,H2,BASSIN SEINE,HR155A,93039,L'ILE-SAINT-DENIS,93,Seine-Saint-Denis,11,ILE-DE-FRANCE,SEINE-NORMANDIE,Calcaire,True,2.29371827277458,48.9515639230884
3063000.0,LA SEINE A ABLON-SUR-SEINE 2,True,2010-03-08T00:00:00Z,657007.0,6846663.0,15950,5.0,True,658144.18,6847228.97,----0010,La Seine,H2,BASSIN SEINE,HR73B,94001,ABLON-SUR-SEINE,94,Val-de-Marne,11,ILE-DE-FRANCE,SEINE-NORMANDIE,Calcaire,True,2.43099799518002,48.7238333068967
3048000.0,LA SEINE A SAINT-FARGEAU-PONTHIERRY 1,True,2010-03-08T00:00:00Z,666622.0,6826460.0,14983,5.0,True,666622.15,6826460.4,----0010,La Seine,H2,BASSIN SEINE,HR73A,77407,SAINT-FARGEAU-PONTHIERRY,77,Seine-et-Marne,11,ILE-DE-FRANCE,SEINE-NORMANDIE,Calcaire,True,2.54786412370776,48.5375177461014
3014000.0,LA SEINE A MONTEREAU-FAULT-YONNE 1,True,2000-11-29T00:00:00Z,697015.0,6809837.0,10876,5.0,True,723822.03,6816195.88,----0010,La Seine,H2,BASSIN SEINE,HR38,77341,NOYEN-SUR-SEINE,77,Seine-et-Marne,11,ILE-DE-FRANCE,SEINE-NORMANDIE,Calcaire,True,3.32212738023888,48.4456009137186
3012100.0,LA SEINE A COURCEROY 1,True,2014-01-28T00:00:00Z,730766.0,6818774.0,10663,5.0,True,730765.82,6818774.06,----0010,La Seine,H2,BASSIN SEINE,HR34,10106,COURCEROY,10,Aube,44,GRAND-EST,SEINE-NORMANDIE,Calcaire,True,3.41620524090576,48.468502484628
3011676.0,LA SEINE A NOGENT-SUR-SEINE 1,True,2009-01-29T00:00:00Z,739188.0,6824047.0,10627,5.0,True,739187.76,6824046.68,----0010,La Seine,H2,BASSIN SEINE,,10268,NOGENT-SUR-SEINE,10,Aube,44,GRAND-EST,SEINE-NORMANDIE,Calcaire,True,3.53061492919845,48.5154797623678
3011300.0,LA SEINE A CONFLANS-SUR-SEINE 1,True,2016-02-04T00:00:00Z,750249.0,6827851.0,10603,2.0,True,750249.0,6827851.0,----0010,La Seine,H2,BASSIN SEINE,HR33,51162,CONFLANS-SUR-SEINE,51,Marne,44,GRAND-EST,SEINE-NORMANDIE,Calcaire,True,3.68082522051797,48.5489379588995
3011300.0,LA SEINE A CONFLANS-SUR-SEINE 1,True,2016-02-04T00:00:00Z,750249.0,6827851.0,10606,5.0,True,741283.01,6823996.96,----0010,La Seine,H2,BASSIN SEINE,HR33,51162,CONFLANS-SUR-SEINE,51,Marne,44,GRAND-EST,SEINE-NORMANDIE,Calcaire,True,3.5589796015464,48.5149024584562
3006000.0,LA SEINE A MERY-SUR-SEINE 1,True,2017-03-22T00:00:00Z,765726.0,6823385.0,10180,4.0,True,765726.0,6823385.0,----0010,La Seine,H2,BASSIN SEINE,HR13A,10233,MERY-SUR-SEINE,10,Aube,44,GRAND-EST,SEINE-NORMANDIE,Calcaire,True,3.8898260304923,48.5073803796461
3006000.0,LA SEINE A MERY-SUR-SEINE 1,True,2017-03-22T00:00:00Z,765726.0,6823385.0,10184,5.0,True,766249.62,6822778.78,----0010,La Seine,H2,BASSIN SEINE,HR13A,10233,MERY-SUR-SEINE,10,Aube,44,GRAND-EST,SEINE-NORMANDIE,Calcaire,True,3.8968211989563,48.5018739548903
3004349.0,LA SEINE A CLEREY 1,True,2017-05-18T00:00:00Z,788158.0,6789959.0,10118,5.0,True,791169.33,6786230.52,----0010,La Seine,H2,BASSIN SEINE,HR7,10100,CLEREY,10,Aube,44,GRAND-EST,SEINE-NORMANDIE,,True,4.22642842708273,48.1700629856102
3004349.0,LA SEINE A CLEREY 1,True,2017-05-18T00:00:00Z,788158.0,6789959.0,10120,13.0,True,790938.8,6787440.67,----0010,La Seine,H2,BASSIN SEINE,HR7,10419,VILLEMOYENNE,10,Aube,44,GRAND-EST,SEINE-NORMANDIE,Silicieux,True,4.22358002486641,48.1809828656577
3004349.0,LA SEINE A CLEREY 1,True,2017-05-18T00:00:00Z,788158.0,6789959.0,10115,2.0,True,788126.0,6790001.0,----0010,La Seine,H2,BASSIN SEINE,HR7,10100,CLEREY,10,Aube,44,GRAND-EST,SEINE-NORMANDIE,Silicieux,True,4.18625712372656,48.2044041251407
3002265.0,LA SEINE A NEUVILLE-SUR-SEINE 1,True,2009-01-30T00:00:00Z,804789.0,6772247.0,9960,5.0,True,804788.75,6772246.93,----0010,La Seine,H2,BASSIN SEINE,,10262,NEUVILLE-SUR-SEINE,10,Aube,44,GRAND-EST,SEINE-NORMANDIE,Calcaire,True,4.40625361323648,48.0422062961051
3002228.0,LA SEINE A COURTERON 1,True,2009-01-30T00:00:00Z,807490.0,6769921.0,9955,5.0,True,807490.1,6769921.46,----0010,La Seine,H2,BASSIN SEINE,,10111,COURTERON,10,Aube,44,GRAND-EST,SEINE-NORMANDIE,Calcaire,True,4.44192766019036,48.0208445702404
3002174.0,LA SEINE A PLAINES-SAINT-LANGE 1,True,2009-01-30T00:00:00Z,810456.0,6767186.0,9946,1.0,True,810455.23,6767186.53,----0010,La Seine,H2,BASSIN SEINE,,10288,PLAINES-SAINT-LANGE,10,Aube,44,GRAND-EST,SEINE-NORMANDIE,Calcaire,True,4.48100620862235,47.9957431479656
3002145.0,LA SEINE A MUSSY-SUR-SEINE 2,True,2009-02-03T00:00:00Z,811934.0,6765306.0,9941,5.0,True,811933.72,6765305.7,----0010,La Seine,H2,BASSIN SEINE,,10261,MUSSY-SUR-SEINE,10,Aube,44,GRAND-EST,SEINE-NORMANDIE,Calcaire,True,4.50034624875203,47.9785690719144
3002127.0,LA SEINE A GOMMEVILLE 1,True,2020-03-23T00:00:00Z,811795.0,6763476.0,9933,5.0,True,811795.21,6763476.14,----0010,La Seine,,,HR2B,21302,GOMMEVILLE,21,Côte-d'Or,27,BOURGOGNE-FRANCHE-COMTE,SEINE-NORMANDIE,Calcaire,True,4.49802494049696,47.9621309915055
3002100.0,LA SEINE A CHARREY-SUR-SEINE 1,True,2017-12-05T00:00:00Z,812548.0,6761351.0,9921,5.0,True,815318.0,6757096.0,----0010,La Seine,H2,BASSIN SEINE,HR2B,21711,VIX,21,Côte-d'Or,27,BOURGOGNE-FRANCHE-COMTE,SEINE-NORMANDIE,Calcaire,True,4.5435465262106,47.9041131386644
3001000.0,LA SEINE A NOD-SUR-SEINE 1,True,2012-07-11T00:00:00Z,817677.0,6741593.0,9879,5.0,True,817628.72,6741642.55,----0010,La Seine,H2,BASSIN SEINE,HR2A,21455,NOD-SUR-SEINE,21,Côte-d'Or,27,BOURGOGNE-FRANCHE-COMTE,SEINE-NORMANDIE,Calcaire,True,4.57035463517361,47.7646489835565
3000100.0,LA SEINE A BAIGNEUX-LES-JUIFS 1,True,1971-01-01T00:00:00Z,826286.0,6724377.0,9806,5.0,True,826278.48,6724410.01,----0010,La Seine,,,HR1,21471,ORRET,21,Côte-d'Or,27,BOURGOGNE-FRANCHE-COMTE,SEINE-NORMANDIE,Calcaire,True,4.68089943525368,47.6079733654115
3000084.0,LA SEINE A OIGNY,True,2020-03-23T00:00:00Z,828471.0,6720139.0,9801,5.0,True,828471.41,6720139.38,----0010,La Seine,,,HR1,21466,OIGNY,21,Côte-d'Or,27,BOURGOGNE-FRANCHE-COMTE,SEINE-NORMANDIE,Calcaire,True,4.70885055714541,47.569117744398
,,,,,,91262,,True,727133.63832036,6818560.12869971,----0010,La Seine,H2,BASSIN SEINE,,77522,VILLIERS-SUR-SEINE,77,Seine-et-Marne,11,ILE-DE-FRANCE,SEINE-NORMANDIE,Calcaire,,3.36705577210638,48.4667400121602
,,,,,,91265,,True,632042.7953484,6876786.88461875,----0010,La Seine,H2,BASSIN SEINE,,78172,CONFLANS-SAINTE-HONORINE,78,Yvelines,11,ILE-DE-FRANCE,SEINE-NORMANDIE,Calcaire,,2.07146849622202,48.9874166734023
,,,,,,91288,,True,645855.21694243,6866142.40829757,----0010,La Seine,H2,BASSIN SEINE,,92051,NEUILLY-SUR-SEINE,92,Hauts-de-Seine,11,ILE-DE-FRANCE,SEINE-NORMANDIE,Calcaire,,2.2615418527222,48.8930123314548
,,,,,,100188,,True,817171.67109936,6750777.55429241,----0010,La Seine,H2,BASSIN SEINE,,21154,CHATILLON-SUR-SEINE,21,Côte-d'Or,27,BOURGOGNE-FRANCHE-COMTE,SEINE-NORMANDIE,Calcaire,,4.56667391507597,47.8469309367865
,,,,,,100189,,True,817315.00960046,6750594.45884448,----0010,La Seine,H2,BASSIN SEINE,,21154,CHATILLON-SUR-SEINE,21,Côte-d'Or,27,BOURGOGNE-FRANCHE-COMTE,SEINE-NORMANDIE,Calcaire,,4.56854133136113,47.8452578030932
,,,,,,101680,,True,645855.21694243,6866142.40829757,----0010,La Seine,H2,BASSIN SEINE,,92051,NEUILLY-SUR-SEINE,92,Hauts-de-Seine,11,ILE-DE-FRANCE,SEINE-NORMANDIE,Calcaire,,2.2615418527222,48.8930123314548
,,,,,,91266,,True,631991.36350699,6876612.41974148,----0010,La Seine,H2,BASSIN SEINE,,78015,ANDRESY,78,Yvelines,11,ILE-DE-FRANCE,SEINE-NORMANDIE,Calcaire,,2.07079387393219,48.9858425305292
