code_station,libelle_station,longitude,latitude,code_commune,libelle_commune,code_departement,libelle_departement,code_region,libelle_region,code_cours_eau,nom_cours_eau,code_masse_deau,nom_masse_deau,nom_sous_bassin,code_bassin,nom_bassin,date_creation,date_arret
3001000,LA SEINE A NOD-SUR-SEINE 1,4.570985849,47.764194461,21455,Nod-sur-Seine,21,Côte-d'Or,27,Bourgogne-Franche-Comté,----0010,La Seine,HR2A,la Seine du confluent du Brevon  exclu  au confluent de la riviere de Courcelles  excl,Seine amont,H,La Seine et les cours d'eau côtiers normands,1971-01-01,
3011300,LA SEINE A CONFLANS-SUR-SEINE 1,3.680825221,48.548937959,51162,Conflans-sur-Seine,51,Marne,44,Grand Est,----0010,La Seine,HR33,la Seine du confluent de l Aube  exclu  au confluent du ruisseau de Faverolles  inclus,Ile de France,H,La Seine et les cours d'eau côtiers normands,2000-11-29,
3082000,LA SEINE A SURESNES 2,2.229494609,48.866707755,92073,Suresnes,92,Hauts-de-Seine,11,Île-de-France,----0010,La Seine,HR155A,la Seine du confluent de la Marne  exclu  au confluent du Ru d Enghien  inclus,Ile de France,H,La Seine et les cours d'eau côtiers normands,2010-03-08,
3174000,LA SEINE A POSES 2,1.23665644,49.310144107,27474,Poses,27,Eure,28,Normandie,----0010,La Seine,HR230C,La Seine du confluent de l Epte  inclus  au confluent de l Andelle  exclu,Seine aval,H,La Seine et les cours d'eau côtiers normands,2010-03-08,
